Categoria,Nome do Produto,Descrição,Estoque Disponível,Preço Unitário (R$),Preço em USD ($),Imposto de Importação (%),ICMS (%),IPI (%),PIS (%),COFINS (%),Total de Impostos (%),Preço Final c/ Impostos (R$)
Processador,Processador Intel Core i3 Gamer,Processador de alto desempenho ideal para tarefas exigentes e jogos modernos.,21.0,"R$ 2.631,26","R$ 515,93",12%,"18,00%","4,00%","1,65%","7,60%","43,25%","R$ 3.769,28"
Processador,Processador Intel Core i3 Lite,Processador de alto desempenho ideal para tarefas exigentes e jogos modernos.,100.0,"R$ 291,14","R$ 57,09",12%,"18,00%","4,00%","1,65%","7,60%","43,25%","R$ 417,06"
Processador,Processador Intel Core i3 Edition,Processador de alto desempenho ideal para tarefas exigentes e jogos modernos.,56.0,"R$ 3.376,87","R$ 662,13",12%,"18,00%","4,00%","1,65%","7,60%","43,25%","R$ 4.837,37"
Processador,Processador Intel Core i5 Edition,Processador de alto desempenho ideal para tarefas exigentes e jogos modernos.,56.0,"R$ 826,28","R$ 162,02",12%,"18,00%","4,00%","1,65%","7,60%","43,25%","R$ 1.183,65"
Processador,Processador Intel Core i5 Plus,Processador de alto desempenho ideal para tarefas exigentes e jogos modernos.,48.0,"R$ 3.304,14","R$ 647,87",12%,"18,00%","4,00%","1,65%","7,60%","43,25%","R$ 4.733,18"
Processador,Processador Intel Core i5 Edition,Processador de alto desempenho ideal para tarefas exigentes e jogos modernos.,67.0,"R$ 4.980,19","R$ 976,51",12%,"18,00%","4,00%","1,65%","7,60%","43,25%","R$ 7.134,12"
Processador,Processador Intel Core i7,Processador de alto desempenho ideal para tarefas exigentes e jogos modernos.,26.0,"R$ 4.109,85","R$ 805,85",12%,"18,00%","4,00%","1,65%","7,60%","43,25%","R$ 5.887,36"
Processador,Processador Intel Core i7 Pro,Processador de alto desempenho ideal para tarefas exigentes e jogos modernos.,85.0,"R$ 4.057,68","R$ 795,62",12%,"18,00%","4,00%","1,65%","7,60%","43,25%","R$ 5.812,63"
Processador,Processador Intel Core i7 Plus,Processador de alto desempenho ideal para tarefas exigentes e jogos modernos.,78.0,"R$ 2.049,14","R$ 401,79",12%,"18,00%","4,00%","1,65%","7,60%","43,25%","R$ 2.935,39"
Processador,Processador Intel Core i9 Lite,Processador de alto desempenho ideal para tarefas exigentes e jogos modernos.,33.0,"R$ 2.642,48","R$ 518,13",12%,"18,00%","4,00%","1,65%","7,60%","43,25%","R$ 3.785,35"
Processador,Processador Intel Core i9 Lite,Processador de alto desempenho ideal para tarefas exigentes e jogos modernos.,86.0,"R$ 671,97","R$ 131,76",12%,"18,00%","4,00%","1,65%","7,60%","43,25%","R$ 962,60"
Processador,Processador Intel Core i9 Pro,Processador de alto desempenho ideal para tarefas exigentes e jogos modernos.,64.0,"R$ 4.656,40","R$ 913,02",12%,"18,00%","4,00%","1,65%","7,60%","43,25%","R$ 6.670,29"
Processador,Processador Intel Core i9,Processador de alto desempenho ideal para tarefas exigentes e jogos modernos.,97.0,"R$ 4.576,74","R$ 897,40",12%,"18,00%","4,00%","1,65%","7,60%","43,25%","R$ 6.556,18"
Processador,Processador AMD Ryzen 3 Lite,Processador de alto desempenho ideal para tarefas exigentes e jogos modernos.,72.0,"R$ 1.913,22","R$ 375,14",12%,"18,00%","4,00%","1,65%","7,60%","43,25%","R$ 2.740,69"
Processador,Processador AMD Ryzen 3 Plus,Processador de alto desempenho ideal para tarefas exigentes e jogos modernos.,24.0,"R$ 3.252,39","R$ 637,72",12%,"18,00%","4,00%","1,65%","7,60%","43,25%","R$ 4.659,05"
Processador,Processador AMD Ryzen 3 Lite,Processador de alto desempenho ideal para tarefas exigentes e jogos modernos.,35.0,"R$ 1.182,48","R$ 231,86",12%,"18,00%","4,00%","1,65%","7,60%","43,25%","R$ 1.693,90"
Processador,Processador AMD Ryzen 5 Edition,Processador de alto desempenho ideal para tarefas exigentes e jogos modernos.,92.0,"R$ 1.566,26","R$ 307,11",12%,"18,00%","4,00%","1,65%","7,60%","43,25%","R$ 2.243,67"
Processador,Processador AMD Ryzen 5,Processador de alto desempenho ideal para tarefas exigentes e jogos modernos.,73.0,"R$ 911,59","R$ 178,74",12%,"18,00%","4,00%","1,65%","7,60%","43,25%","R$ 1.305,85"
Processador,Processador AMD Ryzen 5 Pro,Processador de alto desempenho ideal para tarefas exigentes e jogos modernos.,70.0,"R$ 614,62","R$ 120,51",12%,"18,00%","4,00%","1,65%","7,60%","43,25%","R$ 880,44"
Processador,Processador AMD Ryzen 5 Edition,Processador de alto desempenho ideal para tarefas exigentes e jogos modernos.,19.0,"R$ 295,89","R$ 58,02",12%,"18,00%","4,00%","1,65%","7,60%","43,25%","R$ 423,86"
Processador,Processador AMD Ryzen 7 Gamer,Processador de alto desempenho ideal para tarefas exigentes e jogos modernos.,79.0,"R$ 3.035,56","R$ 595,21",12%,"18,00%","4,00%","1,65%","7,60%","43,25%","R$ 4.348,44"
Processador,Processador AMD Ryzen 7 Lite,Processador de alto desempenho ideal para tarefas exigentes e jogos modernos.,54.0,"R$ 3.676,52","R$ 720,89",12%,"18,00%","4,00%","1,65%","7,60%","43,25%","R$ 5.266,61"
Processador,Processador AMD Ryzen 9 Plus,Processador de alto desempenho ideal para tarefas exigentes e jogos modernos.,42.0,"R$ 1.191,02","R$ 233,53",12%,"18,00%","4,00%","1,65%","7,60%","43,25%","R$ 1.706,14"
Processador,Processador AMD Ryzen 9 Lite,Processador de alto desempenho ideal para tarefas exigentes e jogos modernos.,57.0,"R$ 2.890,95","R$ 566,85",12%,"18,00%","4,00%","1,65%","7,60%","43,25%","R$ 4.141,29"
Processador,Processador AMD Ryzen 9 Edition,Processador de alto desempenho ideal para tarefas exigentes e jogos modernos.,61.0,"R$ 1.873,28","R$ 367,31",12%,"18,00%","4,00%","1,65%","7,60%","43,25%","R$ 2.683,47"
Processador,Processador AMD Ryzen 9 Pro,Processador de alto desempenho ideal para tarefas exigentes e jogos modernos.,16.0,"R$ 4.342,18","R$ 851,41",12%,"18,00%","4,00%","1,65%","7,60%","43,25%","R$ 6.220,17"
Placa-Mãe,Placa-Mãe ASUS Lite,Placa-mãe compatível com os principais processadores e suporte a múltiplos dispositivos.,11.0,"R$ 487,82","R$ 95,65",12%,"18,00%","4,00%","1,65%","7,60%","43,25%","R$ 698,80"
Placa-Mãe,Placa-Mãe ASUS Lite,Placa-mãe compatível com os principais processadores e suporte a múltiplos dispositivos.,30.0,"R$ 723,66","R$ 141,89",12%,"18,00%","4,00%","1,65%","7,60%","43,25%","R$ 1.036,64"
Placa-Mãe,Placa-Mãe ASUS Pro,Placa-mãe compatível com os principais processadores e suporte a múltiplos dispositivos.,88.0,"R$ 4.084,96","R$ 800,97",12%,"18,00%","4,00%","1,65%","7,60%","43,25%","R$ 5.851,71"
Placa-Mãe,Placa-Mãe Gigabyte Edition,Placa-mãe compatível com os principais processadores e suporte a múltiplos dispositivos.,63.0,"R$ 4.628,97","R$ 907,64",12%,"18,00%","4,00%","1,65%","7,60%","43,25%","R$ 6.631,00"
Placa-Mãe,Placa-Mãe Gigabyte Lite,Placa-mãe compatível com os principais processadores e suporte a múltiplos dispositivos.,24.0,"R$ 2.812,17","R$ 551,41",12%,"18,00%","4,00%","1,65%","7,60%","43,25%","R$ 4.028,43"
Placa-Mãe,Placa-Mãe MSI,Placa-mãe compatível com os principais processadores e suporte a múltiplos dispositivos.,44.0,"R$ 1.363,75","R$ 267,40",12%,"18,00%","4,00%","1,65%","7,60%","43,25%","R$ 1.953,57"
Placa-Mãe,Placa-Mãe MSI Plus,Placa-mãe compatível com os principais processadores e suporte a múltiplos dispositivos.,93.0,"R$ 693,51","R$ 135,98",12%,"18,00%","4,00%","1,65%","7,60%","43,25%","R$ 993,45"
Placa-Mãe,Placa-Mãe ASRock Lite,Placa-mãe compatível com os principais processadores e suporte a múltiplos dispositivos.,50.0,"R$ 3.254,88","R$ 638,21",12%,"18,00%","4,00%","1,65%","7,60%","43,25%","R$ 4.662,62"
Placa-Mãe,Placa-Mãe ASRock Edition,Placa-mãe compatível com os principais processadores e suporte a múltiplos dispositivos.,88.0,"R$ 1.025,35","R$ 201,05",12%,"18,00%","4,00%","1,65%","7,60%","43,25%","R$ 1.468,81"
Placa-Mãe,Placa-Mãe ASRock Pro,Placa-mãe compatível com os principais processadores e suporte a múltiplos dispositivos.,55.0,"R$ 1.034,49","R$ 202,84",12%,"18,00%","4,00%","1,65%","7,60%","43,25%","R$ 1.481,91"
Placa-Mãe,Placa-Mãe ASRock Pro,Placa-mãe compatível com os principais processadores e suporte a múltiplos dispositivos.,35.0,"R$ 2.002,79","R$ 392,70",12%,"18,00%","4,00%","1,65%","7,60%","43,25%","R$ 2.869,00"
Placa-Mãe,Placa-Mãe Biostar Edition,Placa-mãe compatível com os principais processadores e suporte a múltiplos dispositivos.,47.0,"R$ 3.965,59","R$ 777,57",12%,"18,00%","4,00%","1,65%","7,60%","43,25%","R$ 5.680,71"
Placa-Mãe,Placa-Mãe Biostar Edition,Placa-mãe compatível com os principais processadores e suporte a múltiplos dispositivos.,33.0,"R$ 3.576,17","R$ 701,21",12%,"18,00%","4,00%","1,65%","7,60%","43,25%","R$ 5.122,86"
Placa-Mãe,Placa-Mãe Biostar Gamer,Placa-mãe compatível com os principais processadores e suporte a múltiplos dispositivos.,38.0,"R$ 3.346,88","R$ 656,25",12%,"18,00%","4,00%","1,65%","7,60%","43,25%","R$ 4.794,41"
Placa-Mãe,Placa-Mãe Biostar Pro,Placa-mãe compatível com os principais processadores e suporte a múltiplos dispositivos.,12.0,"R$ 4.355,18","R$ 853,96",12%,"18,00%","4,00%","1,65%","7,60%","43,25%","R$ 6.238,80"
Memória RAM,Memória RAM Kingston Pro,Módulo de memória RAM de alta velocidade para multitarefa e desempenho aprimorado.,82.0,"R$ 2.864,25","R$ 561,62",12%,"18,00%","4,00%","1,65%","7,60%","43,25%","R$ 4.103,04"
Memória RAM,Memória RAM Kingston Plus,Módulo de memória RAM de alta velocidade para multitarefa e desempenho aprimorado.,52.0,"R$ 1.322,23","R$ 259,26",12%,"18,00%","4,00%","1,65%","7,60%","43,25%","R$ 1.894,09"
Memória RAM,Memória RAM Corsair Gamer,Módulo de memória RAM de alta velocidade para multitarefa e desempenho aprimorado.,61.0,"R$ 3.279,17","R$ 642,97",12%,"18,00%","4,00%","1,65%","7,60%","43,25%","R$ 4.697,41"
Memória RAM,Memória RAM Corsair Gamer,Módulo de memória RAM de alta velocidade para multitarefa e desempenho aprimorado.,47.0,"R$ 4.511,14","R$ 884,54",12%,"18,00%","4,00%","1,65%","7,60%","43,25%","R$ 6.462,21"
Memória RAM,Memória RAM Corsair Pro,Módulo de memória RAM de alta velocidade para multitarefa e desempenho aprimorado.,82.0,"R$ 1.006,63","R$ 197,38",12%,"18,00%","4,00%","1,65%","7,60%","43,25%","R$ 1.442,00"
Memória RAM,Memória RAM Corsair Pro,Módulo de memória RAM de alta velocidade para multitarefa e desempenho aprimorado.,13.0,"R$ 4.087,87","R$ 801,54",12%,"18,00%","4,00%","1,65%","7,60%","43,25%","R$ 5.855,87"
Memória RAM,Memória RAM G.Skill Pro,Módulo de memória RAM de alta velocidade para multitarefa e desempenho aprimorado.,60.0,"R$ 996,37","R$ 195,37",12%,"18,00%","4,00%","1,65%","7,60%","43,25%","R$ 1.427,30"
Memória RAM,Memória RAM G.Skill Gamer,Módulo de memória RAM de alta velocidade para multitarefa e desempenho aprimorado.,26.0,"R$ 3.128,06","R$ 613,35",12%,"18,00%","4,00%","1,65%","7,60%","43,25%","R$ 4.480,95"
Memória RAM,Memória RAM G.Skill Lite,Módulo de memória RAM de alta velocidade para multitarefa e desempenho aprimorado.,75.0,"R$ 231,97","R$ 45,48",12%,"18,00%","4,00%","1,65%","7,60%","43,25%","R$ 332,30"
Memória RAM,Memória RAM G.Skill Gamer,Módulo de memória RAM de alta velocidade para multitarefa e desempenho aprimorado.,83.0,"R$ 1.253,32","R$ 245,75",12%,"18,00%","4,00%","1,65%","7,60%","43,25%","R$ 1.795,38"
Memória RAM,Memória RAM Crucial Gamer,Módulo de memória RAM de alta velocidade para multitarefa e desempenho aprimorado.,95.0,"R$ 3.688,18","R$ 723,17",12%,"18,00%","4,00%","1,65%","7,60%","43,25%","R$ 5.283,32"
Memória RAM,Memória RAM Crucial Plus,Módulo de memória RAM de alta velocidade para multitarefa e desempenho aprimorado.,55.0,"R$ 914,30","R$ 179,27",12%,"18,00%","4,00%","1,65%","7,60%","43,25%","R$ 1.309,73"
Memória RAM,Memória RAM ADATA Edition,Módulo de memória RAM de alta velocidade para multitarefa e desempenho aprimorado.,94.0,"R$ 1.206,74","R$ 236,62",12%,"18,00%","4,00%","1,65%","7,60%","43,25%","R$ 1.728,66"
Memória RAM,Memória RAM ADATA,Módulo de memória RAM de alta velocidade para multitarefa e desempenho aprimorado.,57.0,"R$ 1.522,84","R$ 298,60",12%,"18,00%","4,00%","1,65%","7,60%","43,25%","R$ 2.181,47"
Memória RAM,Memória RAM ADATA Gamer,Módulo de memória RAM de alta velocidade para multitarefa e desempenho aprimorado.,86.0,"R$ 2.472,07","R$ 484,72",12%,"18,00%","4,00%","1,65%","7,60%","43,25%","R$ 3.541,24"
Memória RAM,Memória RAM ADATA Edition,Módulo de memória RAM de alta velocidade para multitarefa e desempenho aprimorado.,15.0,"R$ 513,75","R$ 100,74",12%,"18,00%","4,00%","1,65%","7,60%","43,25%","R$ 735,95"
Armazenamento,Armazenamento Kingston SSD Lite,Dispositivo de armazenamento rápido e confiável para guardar arquivos e jogos.,26.0,"R$ 113,39","R$ 22,23",12%,"18,00%","4,00%","1,65%","7,60%","43,25%","R$ 162,43"
Armazenamento,Armazenamento Kingston SSD Pro,Dispositivo de armazenamento rápido e confiável para guardar arquivos e jogos.,64.0,"R$ 4.795,27","R$ 940,25",12%,"18,00%","4,00%","1,65%","7,60%","43,25%","R$ 6.869,22"
Armazenamento,Armazenamento Kingston SSD Plus,Dispositivo de armazenamento rápido e confiável para guardar arquivos e jogos.,81.0,"R$ 191,55","R$ 37,56",12%,"18,00%","4,00%","1,65%","7,60%","43,25%","R$ 274,40"
Armazenamento,Armazenamento Kingston SSD,Dispositivo de armazenamento rápido e confiável para guardar arquivos e jogos.,58.0,"R$ 3.869,24","R$ 758,67",12%,"18,00%","4,00%","1,65%","7,60%","43,25%","R$ 5.542,69"
Armazenamento,Armazenamento WD SSD Pro,Dispositivo de armazenamento rápido e confiável para guardar arquivos e jogos.,20.0,"R$ 3.882,49","R$ 761,27",12%,"18,00%","4,00%","1,65%","7,60%","43,25%","R$ 5.561,67"
Armazenamento,Armazenamento WD SSD Edition,Dispositivo de armazenamento rápido e confiável para guardar arquivos e jogos.,44.0,"R$ 3.413,41","R$ 669,30",12%,"18,00%","4,00%","1,65%","7,60%","43,25%","R$ 4.889,71"
Armazenamento,Armazenamento WD SSD Gamer,Dispositivo de armazenamento rápido e confiável para guardar arquivos e jogos.,29.0,"R$ 941,57","R$ 184,62",12%,"18,00%","4,00%","1,65%","7,60%","43,25%","R$ 1.348,80"
Armazenamento,Armazenamento WD SSD,Dispositivo de armazenamento rápido e confiável para guardar arquivos e jogos.,73.0,"R$ 1.348,49","R$ 264,41",12%,"18,00%","4,00%","1,65%","7,60%","43,25%","R$ 1.931,71"
Armazenamento,Armazenamento Samsung SSD Edition,Dispositivo de armazenamento rápido e confiável para guardar arquivos e jogos.,50.0,"R$ 2.253,35","R$ 441,83",12%,"18,00%","4,00%","1,65%","7,60%","43,25%","R$ 3.227,92"
Armazenamento,Armazenamento Samsung SSD Pro,Dispositivo de armazenamento rápido e confiável para guardar arquivos e jogos.,46.0,"R$ 4.346,98","R$ 852,35",12%,"18,00%","4,00%","1,65%","7,60%","43,25%","R$ 6.227,05"
Armazenamento,Armazenamento Samsung SSD Lite,Dispositivo de armazenamento rápido e confiável para guardar arquivos e jogos.,36.0,"R$ 945,24","R$ 185,34",12%,"18,00%","4,00%","1,65%","7,60%","43,25%","R$ 1.354,06"
Armazenamento,Armazenamento Crucial SSD Gamer,Dispositivo de armazenamento rápido e confiável para guardar arquivos e jogos.,68.0,"R$ 654,38","R$ 128,31",12%,"18,00%","4,00%","1,65%","7,60%","43,25%","R$ 937,40"
Armazenamento,Armazenamento Crucial SSD Edition,Dispositivo de armazenamento rápido e confiável para guardar arquivos e jogos.,16.0,"R$ 1.527,64","R$ 299,54",12%,"18,00%","4,00%","1,65%","7,60%","43,25%","R$ 2.188,34"
Armazenamento,Armazenamento Crucial SSD Pro,Dispositivo de armazenamento rápido e confiável para guardar arquivos e jogos.,43.0,"R$ 2.913,61","R$ 571,30",12%,"18,00%","4,00%","1,65%","7,60%","43,25%","R$ 4.173,75"
Armazenamento,Armazenamento Crucial SSD Edition,Dispositivo de armazenamento rápido e confiável para guardar arquivos e jogos.,79.0,"R$ 1.271,72","R$ 249,36",12%,"18,00%","4,00%","1,65%","7,60%","43,25%","R$ 1.821,74"
Armazenamento,Armazenamento Seagate HDD Lite,Dispositivo de armazenamento rápido e confiável para guardar arquivos e jogos.,100.0,"R$ 1.895,96","R$ 371,76",12%,"18,00%","4,00%","1,65%","7,60%","43,25%","R$ 2.715,96"
Armazenamento,Armazenamento Seagate HDD,Dispositivo de armazenamento rápido e confiável para guardar arquivos e jogos.,50.0,"R$ 2.069,01","R$ 405,69",12%,"18,00%","4,00%","1,65%","7,60%","43,25%","R$ 2.963,86"
Armazenamento,Armazenamento Seagate HDD Gamer,Dispositivo de armazenamento rápido e confiável para guardar arquivos e jogos.,98.0,"R$ 4.494,32","R$ 881,24",12%,"18,00%","4,00%","1,65%","7,60%","43,25%","R$ 6.438,11"
Armazenamento,Armazenamento Seagate HDD Pro,Dispositivo de armazenamento rápido e confiável para guardar arquivos e jogos.,41.0,"R$ 1.413,84","R$ 277,22",12%,"18,00%","4,00%","1,65%","7,60%","43,25%","R$ 2.025,33"
Armazenamento,Armazenamento WD HDD Gamer,Dispositivo de armazenamento rápido e confiável para guardar arquivos e jogos.,86.0,"R$ 573,63","R$ 112,48",12%,"18,00%","4,00%","1,65%","7,60%","43,25%","R$ 821,72"
Armazenamento,Armazenamento WD HDD Gamer,Dispositivo de armazenamento rápido e confiável para guardar arquivos e jogos.,28.0,"R$ 758,41","R$ 148,71",12%,"18,00%","4,00%","1,65%","7,60%","43,25%","R$ 1.086,42"
Armazenamento,Armazenamento WD HDD Pro,Dispositivo de armazenamento rápido e confiável para guardar arquivos e jogos.,68.0,"R$ 2.890,56","R$ 566,78",12%,"18,00%","4,00%","1,65%","7,60%","43,25%","R$ 4.140,73"
Armazenamento,Armazenamento WD HDD Plus,Dispositivo de armazenamento rápido e confiável para guardar arquivos e jogos.,30.0,"R$ 4.746,78","R$ 930,74",12%,"18,00%","4,00%","1,65%","7,60%","43,25%","R$ 6.799,76"
Fonte,Fonte Corsair Lite,Fonte de alimentação eficiente com proteção contra surtos e energia estável.,77.0,"R$ 3.514,58","R$ 689,13",12%,"18,00%","4,00%","1,65%","7,60%","43,25%","R$ 5.034,64"
Fonte,Fonte Corsair Gamer,Fonte de alimentação eficiente com proteção contra surtos e energia estável.,38.0,"R$ 247,69","R$ 48,57",12%,"18,00%","4,00%","1,65%","7,60%","43,25%","R$ 354,82"
Fonte,Fonte EVGA Pro,Fonte de alimentação eficiente com proteção contra surtos e energia estável.,60.0,"R$ 4.040,39","R$ 792,23",12%,"18,00%","4,00%","1,65%","7,60%","43,25%","R$ 5.787,86"
Fonte,Fonte EVGA Pro,Fonte de alimentação eficiente com proteção contra surtos e energia estável.,85.0,"R$ 4.718,75","R$ 925,25",12%,"18,00%","4,00%","1,65%","7,60%","43,25%","R$ 6.759,61"
Fonte,Fonte EVGA Gamer,Fonte de alimentação eficiente com proteção contra surtos e energia estável.,42.0,"R$ 524,28","R$ 102,80",12%,"18,00%","4,00%","1,65%","7,60%","43,25%","R$ 751,03"
Fonte,Fonte EVGA Gamer,Fonte de alimentação eficiente com proteção contra surtos e energia estável.,63.0,"R$ 3.256,35","R$ 638,50",12%,"18,00%","4,00%","1,65%","7,60%","43,25%","R$ 4.664,72"
Fonte,Fonte Cooler Master Edition,Fonte de alimentação eficiente com proteção contra surtos e energia estável.,96.0,"R$ 1.320,70","R$ 258,96",12%,"18,00%","4,00%","1,65%","7,60%","43,25%","R$ 1.891,90"
Fonte,Fonte Cooler Master Plus,Fonte de alimentação eficiente com proteção contra surtos e energia estável.,83.0,"R$ 3.162,31","R$ 620,06",12%,"18,00%","4,00%","1,65%","7,60%","43,25%","R$ 4.530,01"
Fonte,Fonte Cooler Master Pro,Fonte de alimentação eficiente com proteção contra surtos e energia estável.,100.0,"R$ 989,31","R$ 193,98",12%,"18,00%","4,00%","1,65%","7,60%","43,25%","R$ 1.417,19"
Fonte,Fonte Cooler Master Gamer,Fonte de alimentação eficiente com proteção contra surtos e energia estável.,86.0,"R$ 1.028,14","R$ 201,60",12%,"18,00%","4,00%","1,65%","7,60%","43,25%","R$ 1.472,81"
Fonte,Fonte Thermaltake Plus,Fonte de alimentação eficiente com proteção contra surtos e energia estável.,43.0,"R$ 1.459,16","R$ 286,11",12%,"18,00%","4,00%","1,65%","7,60%","43,25%","R$ 2.090,25"
Fonte,Fonte Thermaltake Gamer,Fonte de alimentação eficiente com proteção contra surtos e energia estável.,40.0,"R$ 3.095,73","R$ 607,01",12%,"18,00%","4,00%","1,65%","7,60%","43,25%","R$ 4.434,63"
Fonte,Fonte Thermaltake Edition,Fonte de alimentação eficiente com proteção contra surtos e energia estável.,36.0,"R$ 4.514,28","R$ 885,15",12%,"18,00%","4,00%","1,65%","7,60%","43,25%","R$ 6.466,71"
Fonte,Fonte Thermaltake Gamer,Fonte de alimentação eficiente com proteção contra surtos e energia estável.,32.0,"R$ 2.805,33","R$ 550,06",12%,"18,00%","4,00%","1,65%","7,60%","43,25%","R$ 4.018,64"
Fonte,Fonte XPG Edition,Fonte de alimentação eficiente com proteção contra surtos e energia estável.,15.0,"R$ 1.259,04","R$ 246,87",12%,"18,00%","4,00%","1,65%","7,60%","43,25%","R$ 1.803,57"
Fonte,Fonte XPG Plus,Fonte de alimentação eficiente com proteção contra surtos e energia estável.,72.0,"R$ 3.850,88","R$ 755,07",12%,"18,00%","4,00%","1,65%","7,60%","43,25%","R$ 5.516,39"
Fonte,Fonte XPG Lite,Fonte de alimentação eficiente com proteção contra surtos e energia estável.,93.0,"R$ 3.486,02","R$ 683,53",12%,"18,00%","4,00%","1,65%","7,60%","43,25%","R$ 4.993,72"
Gabinete,Gabinete Thermaltake Edition,"Gabinete com design moderno, excelente ventilação e compatibilidade com placas ATX.",93.0,"R$ 110,94","R$ 21,75",12%,"18,00%","4,00%","1,65%","7,60%","43,25%","R$ 158,92"
Gabinete,Gabinete Thermaltake Plus,"Gabinete com design moderno, excelente ventilação e compatibilidade com placas ATX.",81.0,"R$ 3.232,68","R$ 633,86",12%,"18,00%","4,00%","1,65%","7,60%","43,25%","R$ 4.630,81"
Gabinete,Gabinete Thermaltake,"Gabinete com design moderno, excelente ventilação e compatibilidade com placas ATX.",77.0,"R$ 3.652,48","R$ 716,17",12%,"18,00%","4,00%","1,65%","7,60%","43,25%","R$ 5.232,18"
Gabinete,Gabinete Cooler Master Edition,"Gabinete com design moderno, excelente ventilação e compatibilidade com placas ATX.",91.0,"R$ 4.803,17","R$ 941,80",12%,"18,00%","4,00%","1,65%","7,60%","43,25%","R$ 6.880,54"
Gabinete,Gabinete Cooler Master Pro,"Gabinete com design moderno, excelente ventilação e compatibilidade com placas ATX.",92.0,"R$ 3.369,62","R$ 660,71",12%,"18,00%","4,00%","1,65%","7,60%","43,25%","R$ 4.826,98"
Gabinete,Gabinete Redragon,"Gabinete com design moderno, excelente ventilação e compatibilidade com placas ATX.",87.0,"R$ 1.133,34","R$ 222,22",12%,"18,00%","4,00%","1,65%","7,60%","43,25%","R$ 1.623,51"
Gabinete,Gabinete Redragon Gamer,"Gabinete com design moderno, excelente ventilação e compatibilidade com placas ATX.",38.0,"R$ 4.659,85","R$ 913,70",12%,"18,00%","4,00%","1,65%","7,60%","43,25%","R$ 6.675,24"
Gabinete,Gabinete Redragon Pro,"Gabinete com design moderno, excelente ventilação e compatibilidade com placas ATX.",100.0,"R$ 413,45","R$ 81,07",12%,"18,00%","4,00%","1,65%","7,60%","43,25%","R$ 592,27"
Gabinete,Gabinete Aerocool Gamer,"Gabinete com design moderno, excelente ventilação e compatibilidade com placas ATX.",24.0,"R$ 2.946,40","R$ 577,73",12%,"18,00%","4,00%","1,65%","7,60%","43,25%","R$ 4.220,72"
Gabinete,Gabinete Aerocool Edition,"Gabinete com design moderno, excelente ventilação e compatibilidade com placas ATX.",29.0,"R$ 3.967,57","R$ 777,95",12%,"18,00%","4,00%","1,65%","7,60%","43,25%","R$ 5.683,54"
Gabinete,Gabinete NZXT Pro,"Gabinete com design moderno, excelente ventilação e compatibilidade com placas ATX.",42.0,"R$ 1.661,90","R$ 325,86",12%,"18,00%","4,00%","1,65%","7,60%","43,25%","R$ 2.380,67"
Gabinete,Gabinete NZXT Pro,"Gabinete com design moderno, excelente ventilação e compatibilidade com placas ATX.",65.0,"R$ 786,75","R$ 154,26",12%,"18,00%","4,00%","1,65%","7,60%","43,25%","R$ 1.127,02"
Gabinete,Gabinete NZXT Gamer,"Gabinete com design moderno, excelente ventilação e compatibilidade com placas ATX.",39.0,"R$ 4.591,66","R$ 900,33",12%,"18,00%","4,00%","1,65%","7,60%","43,25%","R$ 6.577,55"
Placa de Vídeo,Placa de Vídeo NVIDIA GTX 1650 Edition,GPU potente ideal para gamers e profissionais de edição de vídeo e 3D.,55.0,"R$ 4.246,38","R$ 832,62",12%,"18,00%","4,00%","1,65%","7,60%","43,25%","R$ 6.082,94"
Placa de Vídeo,Placa de Vídeo NVIDIA GTX 1650 Plus,GPU potente ideal para gamers e profissionais de edição de vídeo e 3D.,61.0,"R$ 3.810,21","R$ 747,10",12%,"18,00%","4,00%","1,65%","7,60%","43,25%","R$ 5.458,13"
Placa de Vídeo,Placa de Vídeo NVIDIA GTX 1650 Plus,GPU potente ideal para gamers e profissionais de edição de vídeo e 3D.,88.0,"R$ 591,69","R$ 116,02",12%,"18,00%","4,00%","1,65%","7,60%","43,25%","R$ 847,60"
Placa de Vídeo,Placa de Vídeo NVIDIA GTX 1650 Edition,GPU potente ideal para gamers e profissionais de edição de vídeo e 3D.,83.0,"R$ 1.595,48","R$ 312,84",12%,"18,00%","4,00%","1,65%","7,60%","43,25%","R$ 2.285,53"
Placa de Vídeo,Placa de Vídeo NVIDIA RTX 3060,GPU potente ideal para gamers e profissionais de edição de vídeo e 3D.,96.0,"R$ 645,59","R$ 126,59",12%,"18,00%","4,00%","1,65%","7,60%","43,25%","R$ 924,81"
Placa de Vídeo,Placa de Vídeo NVIDIA RTX 3060 Edition,GPU potente ideal para gamers e profissionais de edição de vídeo e 3D.,30.0,"R$ 2.253,85","R$ 441,93",12%,"18,00%","4,00%","1,65%","7,60%","43,25%","R$ 3.228,64"
Placa de Vídeo,Placa de Vídeo NVIDIA RTX 3060 Pro,GPU potente ideal para gamers e profissionais de edição de vídeo e 3D.,86.0,"R$ 4.075,33","R$ 799,08",12%,"18,00%","4,00%","1,65%","7,60%","43,25%","R$ 5.837,91"
Placa de Vídeo,Placa de Vídeo NVIDIA RTX 4070 Edition,GPU potente ideal para gamers e profissionais de edição de vídeo e 3D.,10.0,"R$ 211,52","R$ 41,47",12%,"18,00%","4,00%","1,65%","7,60%","43,25%","R$ 303,00"
Placa de Vídeo,Placa de Vídeo NVIDIA RTX 4070 Lite,GPU potente ideal para gamers e profissionais de edição de vídeo e 3D.,63.0,"R$ 2.799,11","R$ 548,85",12%,"18,00%","4,00%","1,65%","7,60%","43,25%","R$ 4.009,73"
Placa de Vídeo,Placa de Vídeo NVIDIA RTX 4070 Edition,GPU potente ideal para gamers e profissionais de edição de vídeo e 3D.,95.0,"R$ 3.174,80","R$ 622,51",12%,"18,00%","4,00%","1,65%","7,60%","43,25%","R$ 4.547,90"
Placa de Vídeo,Placa de Vídeo NVIDIA RTX 4070 Plus,GPU potente ideal para gamers e profissionais de edição de vídeo e 3D.,29.0,"R$ 4.057,89","R$ 795,66",12%,"18,00%","4,00%","1,65%","7,60%","43,25%","R$ 5.812,93"
Placa de Vídeo,Placa de Vídeo AMD RX 6600 Pro,GPU potente ideal para gamers e profissionais de edição de vídeo e 3D.,49.0,"R$ 4.333,86","R$ 849,78",12%,"18,00%","4,00%","1,65%","7,60%","43,25%","R$ 6.208,25"
Placa de Vídeo,Placa de Vídeo AMD RX 6600,GPU potente ideal para gamers e profissionais de edição de vídeo e 3D.,34.0,"R$ 4.063,32","R$ 796,73",12%,"18,00%","4,00%","1,65%","7,60%","43,25%","R$ 5.820,71"
Placa de Vídeo,Placa de Vídeo AMD RX 6800,GPU potente ideal para gamers e profissionais de edição de vídeo e 3D.,97.0,"R$ 345,20","R$ 67,69",12%,"18,00%","4,00%","1,65%","7,60%","43,25%","R$ 494,50"
Placa de Vídeo,Placa de Vídeo AMD RX 6800 Lite,GPU potente ideal para gamers e profissionais de edição de vídeo e 3D.,28.0,"R$ 4.005,38","R$ 785,37",12%,"18,00%","4,00%","1,65%","7,60%","43,25%","R$ 5.737,71"
Placa de Vídeo,Placa de Vídeo AMD RX 6800 Gamer,GPU potente ideal para gamers e profissionais de edição de vídeo e 3D.,74.0,"R$ 2.845,86","R$ 558,01",12%,"18,00%","4,00%","1,65%","7,60%","43,25%","R$ 4.076,69"
Placa de Vídeo,Placa de Vídeo AMD RX 7900 Lite,GPU potente ideal para gamers e profissionais de edição de vídeo e 3D.,93.0,"R$ 2.659,74","R$ 521,52",12%,"18,00%","4,00%","1,65%","7,60%","43,25%","R$ 3.810,08"
Placa de Vídeo,Placa de Vídeo AMD RX 7900 Edition,GPU potente ideal para gamers e profissionais de edição de vídeo e 3D.,29.0,"R$ 3.486,70","R$ 683,67",12%,"18,00%","4,00%","1,65%","7,60%","43,25%","R$ 4.994,70"
Placa de Vídeo,Placa de Vídeo AMD RX 7900,GPU potente ideal para gamers e profissionais de edição de vídeo e 3D.,16.0,"R$ 3.555,26","R$ 697,11",12%,"18,00%","4,00%","1,65%","7,60%","43,25%","R$ 5.092,91"
Cooler/Resfriamento,Cooler/Resfriamento Cooler Master Pro,Sistema de resfriamento eficaz para manter seu processador em temperatura ideal.,28.0,"R$ 1.307,07","R$ 256,29",12%,"18,00%","4,00%","1,65%","7,60%","43,25%","R$ 1.872,38"
Cooler/Resfriamento,Cooler/Resfriamento Cooler Master,Sistema de resfriamento eficaz para manter seu processador em temperatura ideal.,76.0,"R$ 2.550,87","R$ 500,17",12%,"18,00%","4,00%","1,65%","7,60%","43,25%","R$ 3.654,12"
Cooler/Resfriamento,Cooler/Resfriamento Cooler Master,Sistema de resfriamento eficaz para manter seu processador em temperatura ideal.,21.0,"R$ 4.079,86","R$ 799,97",12%,"18,00%","4,00%","1,65%","7,60%","43,25%","R$ 5.844,40"
Cooler/Resfriamento,Cooler/Resfriamento Cooler Master Lite,Sistema de resfriamento eficaz para manter seu processador em temperatura ideal.,69.0,"R$ 2.360,40","R$ 462,82",12%,"18,00%","4,00%","1,65%","7,60%","43,25%","R$ 3.381,27"
Cooler/Resfriamento,Cooler/Resfriamento Deepcool Lite,Sistema de resfriamento eficaz para manter seu processador em temperatura ideal.,70.0,"R$ 4.871,30","R$ 955,16",12%,"18,00%","4,00%","1,65%","7,60%","43,25%","R$ 6.978,14"
Cooler/Resfriamento,Cooler/Resfriamento Deepcool Edition,Sistema de resfriamento eficaz para manter seu processador em temperatura ideal.,50.0,"R$ 3.850,86","R$ 755,07",12%,"18,00%","4,00%","1,65%","7,60%","43,25%","R$ 5.516,36"
Cooler/Resfriamento,Cooler/Resfriamento Noctua Lite,Sistema de resfriamento eficaz para manter seu processador em temperatura ideal.,67.0,"R$ 2.601,93","R$ 510,18",12%,"18,00%","4,00%","1,65%","7,60%","43,25%","R$ 3.727,26"
Cooler/Resfriamento,Cooler/Resfriamento Noctua Lite,Sistema de resfriamento eficaz para manter seu processador em temperatura ideal.,20.0,"R$ 1.965,20","R$ 385,33",12%,"18,00%","4,00%","1,65%","7,60%","43,25%","R$ 2.815,15"
Cooler/Resfriamento,Cooler/Resfriamento Noctua,Sistema de resfriamento eficaz para manter seu processador em temperatura ideal.,61.0,"R$ 3.000,14","R$ 588,26",12%,"18,00%","4,00%","1,65%","7,60%","43,25%","R$ 4.297,70"
Cooler/Resfriamento,Cooler/Resfriamento Noctua Plus,Sistema de resfriamento eficaz para manter seu processador em temperatura ideal.,41.0,"R$ 2.096,11","R$ 411,00",12%,"18,00%","4,00%","1,65%","7,60%","43,25%","R$ 3.002,68"
Cooler/Resfriamento,Cooler/Resfriamento Thermaltake Edition,Sistema de resfriamento eficaz para manter seu processador em temperatura ideal.,36.0,"R$ 1.878,34","R$ 368,30",12%,"18,00%","4,00%","1,65%","7,60%","43,25%","R$ 2.690,72"
Cooler/Resfriamento,Cooler/Resfriamento Thermaltake,Sistema de resfriamento eficaz para manter seu processador em temperatura ideal.,68.0,"R$ 2.279,95","R$ 447,05",12%,"18,00%","4,00%","1,65%","7,60%","43,25%","R$ 3.266,03"
Cooler/Resfriamento,Cooler/Resfriamento Thermaltake Lite,Sistema de resfriamento eficaz para manter seu processador em temperatura ideal.,69.0,"R$ 2.746,14","R$ 538,46",12%,"18,00%","4,00%","1,65%","7,60%","43,25%","R$ 3.933,85"
Cooler/Resfriamento,Cooler/Resfriamento Arctic,Sistema de resfriamento eficaz para manter seu processador em temperatura ideal.,93.0,"R$ 3.790,37","R$ 743,21",12%,"18,00%","4,00%","1,65%","7,60%","43,25%","R$ 5.429,71"
Cooler/Resfriamento,Cooler/Resfriamento Arctic Pro,Sistema de resfriamento eficaz para manter seu processador em temperatura ideal.,48.0,"R$ 1.720,70","R$ 337,39",12%,"18,00%","4,00%","1,65%","7,60%","43,25%","R$ 2.464,90"
Cooler/Resfriamento,Cooler/Resfriamento Arctic Plus,Sistema de resfriamento eficaz para manter seu processador em temperatura ideal.,69.0,"R$ 557,49","R$ 109,31",12%,"18,00%","4,00%","1,65%","7,60%","43,25%","R$ 798,60"
Monitor,Monitor AOC Pro,Monitor com alta resolução e taxa de atualização para produtividade e jogos.,35.0,"R$ 2.679,47","R$ 525,39",12%,"18,00%","4,00%","1,65%","7,60%","43,25%","R$ 3.838,34"
Monitor,Monitor AOC Plus,Monitor com alta resolução e taxa de atualização para produtividade e jogos.,59.0,"R$ 1.175,24","R$ 230,44",12%,"18,00%","4,00%","1,65%","7,60%","43,25%","R$ 1.683,53"
Monitor,Monitor AOC Lite,Monitor com alta resolução e taxa de atualização para produtividade e jogos.,65.0,"R$ 3.003,20","R$ 588,86",12%,"18,00%","4,00%","1,65%","7,60%","43,25%","R$ 4.302,08"
Monitor,Monitor AOC,Monitor com alta resolução e taxa de atualização para produtividade e jogos.,50.0,"R$ 1.426,57","R$ 279,72",12%,"18,00%","4,00%","1,65%","7,60%","43,25%","R$ 2.043,56"
Monitor,Monitor Samsung Gamer,Monitor com alta resolução e taxa de atualização para produtividade e jogos.,54.0,"R$ 4.954,93","R$ 971,55",12%,"18,00%","4,00%","1,65%","7,60%","43,25%","R$ 7.097,94"
Monitor,Monitor Samsung,Monitor com alta resolução e taxa de atualização para produtividade e jogos.,74.0,"R$ 1.434,48","R$ 281,27",12%,"18,00%","4,00%","1,65%","7,60%","43,25%","R$ 2.054,89"
Monitor,Monitor Samsung Lite,Monitor com alta resolução e taxa de atualização para produtividade e jogos.,15.0,"R$ 1.967,33","R$ 385,75",12%,"18,00%","4,00%","1,65%","7,60%","43,25%","R$ 2.818,20"
Monitor,Monitor LG Lite,Monitor com alta resolução e taxa de atualização para produtividade e jogos.,64.0,"R$ 2.179,65","R$ 427,38",12%,"18,00%","4,00%","1,65%","7,60%","43,25%","R$ 3.122,35"
Monitor,Monitor LG Lite,Monitor com alta resolução e taxa de atualização para produtividade e jogos.,49.0,"R$ 3.729,42","R$ 731,26",12%,"18,00%","4,00%","1,65%","7,60%","43,25%","R$ 5.342,39"
Monitor,Monitor Philips Pro,Monitor com alta resolução e taxa de atualização para produtividade e jogos.,17.0,"R$ 2.387,13","R$ 468,06",12%,"18,00%","4,00%","1,65%","7,60%","43,25%","R$ 3.419,56"
Monitor,Monitor Philips Lite,Monitor com alta resolução e taxa de atualização para produtividade e jogos.,18.0,"R$ 1.816,55","R$ 356,19",12%,"18,00%","4,00%","1,65%","7,60%","43,25%","R$ 2.602,21"
Monitor,Monitor Dell,Monitor com alta resolução e taxa de atualização para produtividade e jogos.,31.0,"R$ 811,04","R$ 159,03",12%,"18,00%","4,00%","1,65%","7,60%","43,25%","R$ 1.161,81"
Monitor,Monitor Dell,Monitor com alta resolução e taxa de atualização para produtividade e jogos.,32.0,"R$ 427,24","R$ 83,77",12%,"18,00%","4,00%","1,65%","7,60%","43,25%","R$ 612,02"
Periféricos,Periféricos Teclado Redragon,Acessório essencial para gamers e profissionais que buscam conforto e performance.,82.0,"R$ 914,32","R$ 179,28",12%,"18,00%","4,00%","1,65%","7,60%","43,25%","R$ 1.309,76"
Periféricos,Periféricos Teclado Redragon Gamer,Acessório essencial para gamers e profissionais que buscam conforto e performance.,50.0,"R$ 3.848,54","R$ 754,62",12%,"18,00%","4,00%","1,65%","7,60%","43,25%","R$ 5.513,03"
Periféricos,Periféricos Mouse Logitech Gamer,Acessório essencial para gamers e profissionais que buscam conforto e performance.,18.0,"R$ 500,12","R$ 98,06",12%,"18,00%","4,00%","1,65%","7,60%","43,25%","R$ 716,42"
Periféricos,Periféricos Mouse Logitech Pro,Acessório essencial para gamers e profissionais que buscam conforto e performance.,30.0,"R$ 2.694,91","R$ 528,41",12%,"18,00%","4,00%","1,65%","7,60%","43,25%","R$ 3.860,46"
Periféricos,Periféricos Headset HyperX Pro,Acessório essencial para gamers e profissionais que buscam conforto e performance.,55.0,"R$ 4.158,67","R$ 815,43",12%,"18,00%","4,00%","1,65%","7,60%","43,25%","R$ 5.957,29"
Periféricos,Periféricos Headset HyperX,Acessório essencial para gamers e profissionais que buscam conforto e performance.,36.0,"R$ 1.075,72","R$ 210,93",12%,"18,00%","4,00%","1,65%","7,60%","43,25%","R$ 1.540,97"
Periféricos,Periféricos Headset HyperX Plus,Acessório essencial para gamers e profissionais que buscam conforto e performance.,95.0,"R$ 512,64","R$ 100,52",12%,"18,00%","4,00%","1,65%","7,60%","43,25%","R$ 734,36"
Periféricos,Periféricos Mousepad Razer Pro,Acessório essencial para gamers e profissionais que buscam conforto e performance.,48.0,"R$ 614,96","R$ 120,58",12%,"18,00%","4,00%","1,65%","7,60%","43,25%","R$ 880,93"
Periféricos,Periféricos Mousepad Razer Pro,Acessório essencial para gamers e profissionais que buscam conforto e performance.,70.0,"R$ 2.983,30","R$ 584,96",12%,"18,00%","4,00%","1,65%","7,60%","43,25%","R$ 4.273,58"
Periféricos,Periféricos Mousepad Razer Gamer,Acessório essencial para gamers e profissionais que buscam conforto e performance.,74.0,"R$ 1.843,91","R$ 361,55",12%,"18,00%","4,00%","1,65%","7,60%","43,25%","R$ 2.641,40"
Periféricos,Periféricos Webcam Logitech Edition,Acessório essencial para gamers e profissionais que buscam conforto e performance.,68.0,"R$ 968,12","R$ 189,83",12%,"18,00%","4,00%","1,65%","7,60%","43,25%","R$ 1.386,83"
Periféricos,Periféricos Webcam Logitech Edition,Acessório essencial para gamers e profissionais que buscam conforto e performance.,86.0,"R$ 2.057,63","R$ 403,46",12%,"18,00%","4,00%","1,65%","7,60%","43,25%","R$ 2.947,55"
Periféricos,Periféricos Webcam Logitech Edition,Acessório essencial para gamers e profissionais que buscam conforto e performance.,67.0,"R$ 4.648,54","R$ 911,48",12%,"18,00%","4,00%","1,65%","7,60%","43,25%","R$ 6.659,03"
Periféricos,Periféricos Microfone Fifine,Acessório essencial para gamers e profissionais que buscam conforto e performance.,75.0,"R$ 3.131,62","R$ 614,04",12%,"18,00%","4,00%","1,65%","7,60%","43,25%","R$ 4.486,05"
Periféricos,Periféricos Microfone Fifine Plus,Acessório essencial para gamers e profissionais que buscam conforto e performance.,10.0,"R$ 2.403,57","R$ 471,29",12%,"18,00%","4,00%","1,65%","7,60%","43,25%","R$ 3.443,11"
Periféricos,Periféricos Microfone Fifine Pro,Acessório essencial para gamers e profissionais que buscam conforto e performance.,74.0,"R$ 3.609,63","R$ 707,77",12%,"18,00%","4,00%","1,65%","7,60%","43,25%","R$ 5.170,79"
Placa de Rede,Placa de Rede TP-Link,Placa de rede de alta velocidade para conexões estáveis e rápidas.,24.0,"R$ 1.288,75","R$ 252,70",12%,"18,00%","4,00%","1,65%","7,60%","43,25%","R$ 1.846,13"
Placa de Rede,Placa de Rede TP-Link,Placa de rede de alta velocidade para conexões estáveis e rápidas.,43.0,"R$ 975,78","R$ 191,33",12%,"18,00%","4,00%","1,65%","7,60%","43,25%","R$ 1.397,80"
Placa de Rede,Placa de Rede TP-Link Gamer,Placa de rede de alta velocidade para conexões estáveis e rápidas.,10.0,"R$ 3.198,07","R$ 627,07",12%,"18,00%","4,00%","1,65%","7,60%","43,25%","R$ 4.581,24"
Placa de Rede,Placa de Rede Intel Lite,Placa de rede de alta velocidade para conexões estáveis e rápidas.,96.0,"R$ 2.559,78","R$ 501,92",12%,"18,00%","4,00%","1,65%","7,60%","43,25%","R$ 3.666,88"
Placa de Rede,Placa de Rede Intel Gamer,Placa de rede de alta velocidade para conexões estáveis e rápidas.,79.0,"R$ 2.834,71","R$ 555,83",12%,"18,00%","4,00%","1,65%","7,60%","43,25%","R$ 4.060,72"
Placa de Rede,Placa de Rede Intel Pro,Placa de rede de alta velocidade para conexões estáveis e rápidas.,43.0,"R$ 2.546,64","R$ 499,34",12%,"18,00%","4,00%","1,65%","7,60%","43,25%","R$ 3.648,06"
Placa de Rede,Placa de Rede Intel Plus,Placa de rede de alta velocidade para conexões estáveis e rápidas.,37.0,"R$ 895,15","R$ 175,52",12%,"18,00%","4,00%","1,65%","7,60%","43,25%","R$ 1.282,30"
Placa de Rede,Placa de Rede Asus Plus,Placa de rede de alta velocidade para conexões estáveis e rápidas.,46.0,"R$ 158,83","R$ 31,14",12%,"18,00%","4,00%","1,65%","7,60%","43,25%","R$ 227,52"
Placa de Rede,Placa de Rede Asus Lite,Placa de rede de alta velocidade para conexões estáveis e rápidas.,99.0,"R$ 3.324,08","R$ 651,78",12%,"18,00%","4,00%","1,65%","7,60%","43,25%","R$ 4.761,74"
Placa de Rede,Placa de Rede D-Link Lite,Placa de rede de alta velocidade para conexões estáveis e rápidas.,34.0,"R$ 4.299,12","R$ 842,96",12%,"18,00%","4,00%","1,65%","7,60%","43,25%","R$ 6.158,49"
Placa de Rede,Placa de Rede D-Link Lite,Placa de rede de alta velocidade para conexões estáveis e rápidas.,82.0,"R$ 1.584,25","R$ 310,64",12%,"18,00%","4,00%","1,65%","7,60%","43,25%","R$ 2.269,44"
Placa de Rede,Placa de Rede D-Link,Placa de rede de alta velocidade para conexões estáveis e rápidas.,42.0,"R$ 1.095,60","R$ 214,82",12%,"18,00%","4,00%","1,65%","7,60%","43,25%","R$ 1.569,45"
Notebook,Notebook Dell Inspiron Gamer,"Notebook com boa performance para estudos, trabalho e entretenimento.",100.0,"R$ 4.029,56","R$ 790,11",12%,"18,00%","4,00%","1,65%","7,60%","43,25%","R$ 5.772,34"
Notebook,Notebook Dell Inspiron Pro,"Notebook com boa performance para estudos, trabalho e entretenimento.",18.0,"R$ 3.231,98","R$ 633,72",12%,"18,00%","4,00%","1,65%","7,60%","43,25%","R$ 4.629,81"
Notebook,Notebook Lenovo IdeaPad Lite,"Notebook com boa performance para estudos, trabalho e entretenimento.",95.0,"R$ 4.416,46","R$ 865,97",12%,"18,00%","4,00%","1,65%","7,60%","43,25%","R$ 6.326,58"
Notebook,Notebook Lenovo IdeaPad Pro,"Notebook com boa performance para estudos, trabalho e entretenimento.",44.0,"R$ 4.194,64","R$ 822,48",12%,"18,00%","4,00%","1,65%","7,60%","43,25%","R$ 6.008,82"
Notebook,Notebook Lenovo IdeaPad Pro,"Notebook com boa performance para estudos, trabalho e entretenimento.",95.0,"R$ 2.547,69","R$ 499,55",12%,"18,00%","4,00%","1,65%","7,60%","43,25%","R$ 3.649,57"
Notebook,Notebook Acer Nitro,"Notebook com boa performance para estudos, trabalho e entretenimento.",87.0,"R$ 3.971,50","R$ 778,73",12%,"18,00%","4,00%","1,65%","7,60%","43,25%","R$ 5.689,17"
Notebook,Notebook Acer Nitro,"Notebook com boa performance para estudos, trabalho e entretenimento.",51.0,"R$ 4.461,71","R$ 874,85",12%,"18,00%","4,00%","1,65%","7,60%","43,25%","R$ 6.391,40"
Notebook,Notebook Acer Nitro,"Notebook com boa performance para estudos, trabalho e entretenimento.",60.0,"R$ 2.623,50","R$ 514,41",12%,"18,00%","4,00%","1,65%","7,60%","43,25%","R$ 3.758,16"
Notebook,Notebook Acer Nitro,"Notebook com boa performance para estudos, trabalho e entretenimento.",80.0,"R$ 3.327,48","R$ 652,45",12%,"18,00%","4,00%","1,65%","7,60%","43,25%","R$ 4.766,62"
Notebook,Notebook Asus VivoBook Pro,"Notebook com boa performance para estudos, trabalho e entretenimento.",81.0,"R$ 2.688,98","R$ 527,25",12%,"18,00%","4,00%","1,65%","7,60%","43,25%","R$ 3.851,96"
Notebook,Notebook Asus VivoBook Lite,"Notebook com boa performance para estudos, trabalho e entretenimento.",22.0,"R$ 3.896,88","R$ 764,09",12%,"18,00%","4,00%","1,65%","7,60%","43,25%","R$ 5.582,28"
Console e Jogos,Console e Jogos PlayStation 5,Console de última geração para uma experiência imersiva em jogos.,50.0,"R$ 3.545,22","R$ 695,14",12%,"18,00%","4,00%","1,65%","7,60%","43,25%","R$ 5.078,53"
Console e Jogos,Console e Jogos PlayStation 5 Lite,Console de última geração para uma experiência imersiva em jogos.,10.0,"R$ 2.015,65","R$ 395,23",12%,"18,00%","4,00%","1,65%","7,60%","43,25%","R$ 2.887,42"
Console e Jogos,Console e Jogos Xbox Series X Lite,Console de última geração para uma experiência imersiva em jogos.,63.0,"R$ 4.533,95","R$ 889,01",12%,"18,00%","4,00%","1,65%","7,60%","43,25%","R$ 6.494,88"
Mesa Gamer,Mesa Gamer Fortrek Pro,"Mesa com estrutura reforçada, ideal para setups gamers com LEDs e ergonomia.",,,,,,,,,,
Mesa Gamer,Mesa Gamer Fortrek Xtreme,"Mesa com estrutura reforçada, ideal para setups gamers com LEDs e ergonomia.",,,,,,,,,,
Mesa Gamer,Mesa Gamer Fortrek Pro,"Mesa com estrutura reforçada, ideal para setups gamers com LEDs e ergonomia.",,,,,,,,,,
Mesa Gamer,Mesa Gamer Fortrek Xtreme,"Mesa com estrutura reforçada, ideal para setups gamers com LEDs e ergonomia.",,,,,,,,,,
Mesa Gamer,Mesa Gamer Fortrek LED,"Mesa com estrutura reforçada, ideal para setups gamers com LEDs e ergonomia.",,,,,,,,,,
Mesa Gamer,Mesa Gamer Fortrek RGB,"Mesa com estrutura reforçada, ideal para setups gamers com LEDs e ergonomia.",,,,,,,,,,
Mesa Gamer,Mesa Gamer Xtrike Pro,"Mesa com estrutura reforçada, ideal para setups gamers com LEDs e ergonomia.",,,,,,,,,,
Mesa Gamer,Mesa Gamer Xtrike Pro,"Mesa com estrutura reforçada, ideal para setups gamers com LEDs e ergonomia.",,,,,,,,,,
Mesa Gamer,Mesa Gamer Xtrike RGB,"Mesa com estrutura reforçada, ideal para setups gamers com LEDs e ergonomia.",,,,,,,,,,
Mesa Gamer,Mesa Gamer Xtrike LED,"Mesa com estrutura reforçada, ideal para setups gamers com LEDs e ergonomia.",,,,,,,,,,
Mesa Gamer,Mesa Gamer Xtrike RGB,"Mesa com estrutura reforçada, ideal para setups gamers com LEDs e ergonomia.",,,,,,,,,,
Mesa Gamer,Mesa Gamer Xtrike Xtreme,"Mesa com estrutura reforçada, ideal para setups gamers com LEDs e ergonomia.",,,,,,,,,,
Mesa Gamer,Mesa Gamer Redragon LED,"Mesa com estrutura reforçada, ideal para setups gamers com LEDs e ergonomia.",,,,,,,,,,
Mesa Gamer,Mesa Gamer Redragon LED,"Mesa com estrutura reforçada, ideal para setups gamers com LEDs e ergonomia.",,,,,,,,,,
Mesa Gamer,Mesa Gamer Redragon Xtreme,"Mesa com estrutura reforçada, ideal para setups gamers com LEDs e ergonomia.",,,,,,,,,,
Mesa Gamer,Mesa Gamer Redragon LED,"Mesa com estrutura reforçada, ideal para setups gamers com LEDs e ergonomia.",,,,,,,,,,
Mesa Gamer,Mesa Gamer Redragon RGB,"Mesa com estrutura reforçada, ideal para setups gamers com LEDs e ergonomia.",,,,,,,,,,
Mesa Gamer,Mesa Gamer Redragon LED,"Mesa com estrutura reforçada, ideal para setups gamers com LEDs e ergonomia.",,,,,,,,,,
Mesa Gamer,Mesa Gamer DT3 Sports RGB,"Mesa com estrutura reforçada, ideal para setups gamers com LEDs e ergonomia.",,,,,,,,,,
Mesa Gamer,Mesa Gamer DT3 Sports Xtreme,"Mesa com estrutura reforçada, ideal para setups gamers com LEDs e ergonomia.",,,,,,,,,,
Mesa Gamer,Mesa Gamer DT3 Sports Xtreme,"Mesa com estrutura reforçada, ideal para setups gamers com LEDs e ergonomia.",,,,,,,,,,
Mesa Gamer,Mesa Gamer DT3 Sports RGB,"Mesa com estrutura reforçada, ideal para setups gamers com LEDs e ergonomia.",,,,,,,,,,
Mesa Gamer,Mesa Gamer DT3 Sports LED,"Mesa com estrutura reforçada, ideal para setups gamers com LEDs e ergonomia.",,,,,,,,,,
Mesa Gamer,Mesa Gamer DT3 Sports LED,"Mesa com estrutura reforçada, ideal para setups gamers com LEDs e ergonomia.",,,,,,,,,,
Suporte de Monitor,Suporte de Monitor ELG Articulado,"Suporte ajustável para monitores, melhorando ergonomia e organização da mesa.",,,,,,,,,,
Suporte de Monitor,Suporte de Monitor ELG Duplo,"Suporte ajustável para monitores, melhorando ergonomia e organização da mesa.",,,,,,,,,,
Suporte de Monitor,Suporte de Monitor ELG Articulado,"Suporte ajustável para monitores, melhorando ergonomia e organização da mesa.",,,,,,,,,,
Suporte de Monitor,Suporte de Monitor ELG Articulado,"Suporte ajustável para monitores, melhorando ergonomia e organização da mesa.",,,,,,,,,,
Suporte de Monitor,Suporte de Monitor ELG Ajustável,"Suporte ajustável para monitores, melhorando ergonomia e organização da mesa.",,,,,,,,,,
Suporte de Monitor,Suporte de Monitor ELG Ajustável,"Suporte ajustável para monitores, melhorando ergonomia e organização da mesa.",,,,,,,,,,
Suporte de Monitor,Suporte de Monitor Multivisão Articulado,"Suporte ajustável para monitores, melhorando ergonomia e organização da mesa.",,,,,,,,,,
Suporte de Monitor,Suporte de Monitor Multivisão Duplo,"Suporte ajustável para monitores, melhorando ergonomia e organização da mesa.",,,,,,,,,,
Suporte de Monitor,Suporte de Monitor Multivisão Duplo,"Suporte ajustável para monitores, melhorando ergonomia e organização da mesa.",,,,,,,,,,
Suporte de Monitor,Suporte de Monitor Multivisão Articulado,"Suporte ajustável para monitores, melhorando ergonomia e organização da mesa.",,,,,,,,,,
Suporte de Monitor,Suporte de Monitor Multivisão Ajustável,"Suporte ajustável para monitores, melhorando ergonomia e organização da mesa.",,,,,,,,,,
Suporte de Monitor,Suporte de Monitor Multivisão Articulado,"Suporte ajustável para monitores, melhorando ergonomia e organização da mesa.",,,,,,,,,,
Suporte de Monitor,Suporte de Monitor Fellowes Articulado,"Suporte ajustável para monitores, melhorando ergonomia e organização da mesa.",,,,,,,,,,
Suporte de Monitor,Suporte de Monitor Fellowes Duplo,"Suporte ajustável para monitores, melhorando ergonomia e organização da mesa.",,,,,,,,,,
Suporte de Monitor,Suporte de Monitor Fellowes Articulado,"Suporte ajustável para monitores, melhorando ergonomia e organização da mesa.",,,,,,,,,,
Suporte de Monitor,Suporte de Monitor Fellowes Ajustável,"Suporte ajustável para monitores, melhorando ergonomia e organização da mesa.",,,,,,,,,,
Suporte de Monitor,Suporte de Monitor Fellowes Articulado,"Suporte ajustável para monitores, melhorando ergonomia e organização da mesa.",,,,,,,,,,
Suporte de Monitor,Suporte de Monitor Fellowes Articulado,"Suporte ajustável para monitores, melhorando ergonomia e organização da mesa.",,,,,,,,,,
Suporte de Monitor,Suporte de Monitor PCYes Ajustável,"Suporte ajustável para monitores, melhorando ergonomia e organização da mesa.",,,,,,,,,,
Suporte de Monitor,Suporte de Monitor PCYes Duplo,"Suporte ajustável para monitores, melhorando ergonomia e organização da mesa.",,,,,,,,,,
Suporte de Monitor,Suporte de Monitor PCYes Duplo,"Suporte ajustável para monitores, melhorando ergonomia e organização da mesa.",,,,,,,,,,
Suporte de Monitor,Suporte de Monitor PCYes Duplo,"Suporte ajustável para monitores, melhorando ergonomia e organização da mesa.",,,,,,,,,,
Suporte de Monitor,Suporte de Monitor PCYes Ajustável,"Suporte ajustável para monitores, melhorando ergonomia e organização da mesa.",,,,,,,,,,
Suporte de Monitor,Suporte de Monitor PCYes Duplo,"Suporte ajustável para monitores, melhorando ergonomia e organização da mesa.",,,,,,,,,,
Processador,Processador AMD Ryzen 9 Pro v6,Processador de alto desempenho ideal para tarefas exigentes e jogos modernos.,16.0,"R$ 4.342,18","R$ 851,41",12%,"18,00%","4,00%","1,65%","7,60%","43,25%","R$ 6.220,17"
Placa de Rede,Placa de Rede D-Link Lite v4,Placa de rede de alta velocidade para conexões estáveis e rápidas.,34.0,"R$ 4.299,12","R$ 842,96",12%,"18,00%","4,00%","1,65%","7,60%","43,25%","R$ 6.158,49"
Mesa Gamer,Mesa Gamer Xtrike LED v8,"Mesa com estrutura reforçada, ideal para setups gamers com LEDs e ergonomia.",,,,,,,,,,
Fonte,Fonte Cooler Master Gamer v4,Fonte de alimentação eficiente com proteção contra surtos e energia estável.,86.0,"R$ 1.028,14","R$ 201,60",12%,"18,00%","4,00%","1,65%","7,60%","43,25%","R$ 1.472,81"
Placa de Rede,Placa de Rede Asus Plus v5,Placa de rede de alta velocidade para conexões estáveis e rápidas.,46.0,"R$ 158,83","R$ 31,14",12%,"18,00%","4,00%","1,65%","7,60%","43,25%","R$ 227,52"
Periféricos,Periféricos Webcam Logitech Edition v3,Acessório essencial para gamers e profissionais que buscam conforto e performance.,86.0,"R$ 2.057,63","R$ 403,46",12%,"18,00%","4,00%","1,65%","7,60%","43,25%","R$ 2.947,55"
Armazenamento,Armazenamento Kingston SSD Pro v4,Dispositivo de armazenamento rápido e confiável para guardar arquivos e jogos.,64.0,"R$ 4.795,27","R$ 940,25",12%,"18,00%","4,00%","1,65%","7,60%","43,25%","R$ 6.869,22"
Monitor,Monitor LG Lite v7,Monitor com alta resolução e taxa de atualização para produtividade e jogos.,64.0,"R$ 2.179,65","R$ 427,38",12%,"18,00%","4,00%","1,65%","7,60%","43,25%","R$ 3.122,35"
Suporte de Monitor,Suporte de Monitor Fellowes Articulado v2,"Suporte ajustável para monitores, melhorando ergonomia e organização da mesa.",,,,,,,,,,
Placa de Rede,Placa de Rede D-Link v7,Placa de rede de alta velocidade para conexões estáveis e rápidas.,42.0,"R$ 1.095,60","R$ 214,82",12%,"18,00%","4,00%","1,65%","7,60%","43,25%","R$ 1.569,45"
Cooler/Resfriamento,Cooler/Resfriamento Cooler Master v4,Sistema de resfriamento eficaz para manter seu processador em temperatura ideal.,76.0,"R$ 2.550,87","R$ 500,17",12%,"18,00%","4,00%","1,65%","7,60%","43,25%","R$ 3.654,12"
Processador,Processador Intel Core i9 Lite v7,Processador de alto desempenho ideal para tarefas exigentes e jogos modernos.,86.0,"R$ 671,97","R$ 131,76",12%,"18,00%","4,00%","1,65%","7,60%","43,25%","R$ 962,60"
Suporte de Monitor,Suporte de Monitor Fellowes Duplo v3,"Suporte ajustável para monitores, melhorando ergonomia e organização da mesa.",,,,,,,,,,
Processador,Processador AMD Ryzen 5 Edition v3,Processador de alto desempenho ideal para tarefas exigentes e jogos modernos.,92.0,"R$ 1.566,26","R$ 307,11",12%,"18,00%","4,00%","1,65%","7,60%","43,25%","R$ 2.243,67"
Gabinete,Gabinete Thermaltake Plus v5,"Gabinete com design moderno, excelente ventilação e compatibilidade com placas ATX.",81.0,"R$ 3.232,68","R$ 633,86",12%,"18,00%","4,00%","1,65%","7,60%","43,25%","R$ 4.630,81"
Processador,Processador AMD Ryzen 7 Lite v5,Processador de alto desempenho ideal para tarefas exigentes e jogos modernos.,54.0,"R$ 3.676,52","R$ 720,89",12%,"18,00%","4,00%","1,65%","7,60%","43,25%","R$ 5.266,61"
Cooler/Resfriamento,Cooler/Resfriamento Thermaltake Edition v3,Sistema de resfriamento eficaz para manter seu processador em temperatura ideal.,36.0,"R$ 1.878,34","R$ 368,30",12%,"18,00%","4,00%","1,65%","7,60%","43,25%","R$ 2.690,72"
Suporte de Monitor,Suporte de Monitor Fellowes Articulado v9,"Suporte ajustável para monitores, melhorando ergonomia e organização da mesa.",,,,,,,,,,
Gabinete,Gabinete Thermaltake Plus v5 v7,"Gabinete com design moderno, excelente ventilação e compatibilidade com placas ATX.",81.0,"R$ 3.232,68","R$ 633,86",12%,"18,00%","4,00%","1,65%","7,60%","43,25%","R$ 4.630,81"
Mesa Gamer,Mesa Gamer Xtrike RGB v3,"Mesa com estrutura reforçada, ideal para setups gamers com LEDs e ergonomia.",,,,,,,,,,
Memória RAM,Memória RAM Corsair Gamer v8,Módulo de memória RAM de alta velocidade para multitarefa e desempenho aprimorado.,61.0,"R$ 3.279,17","R$ 642,97",12%,"18,00%","4,00%","1,65%","7,60%","43,25%","R$ 4.697,41"
Placa de Rede,Placa de Rede TP-Link v3,Placa de rede de alta velocidade para conexões estáveis e rápidas.,43.0,"R$ 975,78","R$ 191,33",12%,"18,00%","4,00%","1,65%","7,60%","43,25%","R$ 1.397,80"
Processador,Processador Intel Core i3 Gamer v4,Processador de alto desempenho ideal para tarefas exigentes e jogos modernos.,21.0,"R$ 2.631,26","R$ 515,93",12%,"18,00%","4,00%","1,65%","7,60%","43,25%","R$ 3.769,28"
Placa de Rede,Placa de Rede TP-Link v3 v6,Placa de rede de alta velocidade para conexões estáveis e rápidas.,43.0,"R$ 975,78","R$ 191,33",12%,"18,00%","4,00%","1,65%","7,60%","43,25%","R$ 1.397,80"
Fonte,Fonte Cooler Master Pro v5,Fonte de alimentação eficiente com proteção contra surtos e energia estável.,100.0,"R$ 989,31","R$ 193,98",12%,"18,00%","4,00%","1,65%","7,60%","43,25%","R$ 1.417,19"
Armazenamento,Armazenamento Kingston SSD Lite v2,Dispositivo de armazenamento rápido e confiável para guardar arquivos e jogos.,26.0,"R$ 113,39","R$ 22,23",12%,"18,00%","4,00%","1,65%","7,60%","43,25%","R$ 162,43"
Armazenamento,Armazenamento Seagate HDD v9,Dispositivo de armazenamento rápido e confiável para guardar arquivos e jogos.,50.0,"R$ 2.069,01","R$ 405,69",12%,"18,00%","4,00%","1,65%","7,60%","43,25%","R$ 2.963,86"
Monitor,Monitor Samsung v4,Monitor com alta resolução e taxa de atualização para produtividade e jogos.,74.0,"R$ 1.434,48","R$ 281,27",12%,"18,00%","4,00%","1,65%","7,60%","43,25%","R$ 2.054,89"
Periféricos,Periféricos Teclado Redragon Gamer v3,Acessório essencial para gamers e profissionais que buscam conforto e performance.,50.0,"R$ 3.848,54","R$ 754,62",12%,"18,00%","4,00%","1,65%","7,60%","43,25%","R$ 5.513,03"
Periféricos,Periféricos Mouse Logitech Gamer v4,Acessório essencial para gamers e profissionais que buscam conforto e performance.,18.0,"R$ 500,12","R$ 98,06",12%,"18,00%","4,00%","1,65%","7,60%","43,25%","R$ 716,42"
Periféricos,Periféricos Webcam Logitech Edition v4,Acessório essencial para gamers e profissionais que buscam conforto e performance.,68.0,"R$ 968,12","R$ 189,83",12%,"18,00%","4,00%","1,65%","7,60%","43,25%","R$ 1.386,83"
Processador,Processador Intel Core i9 Lite v5,Processador de alto desempenho ideal para tarefas exigentes e jogos modernos.,33.0,"R$ 2.642,48","R$ 518,13",12%,"18,00%","4,00%","1,65%","7,60%","43,25%","R$ 3.785,35"
Mesa Gamer,Mesa Gamer Fortrek Xtreme v3,"Mesa com estrutura reforçada, ideal para setups gamers com LEDs e ergonomia.",,,,,,,,,,
Processador,Processador Intel Core i3 Edition v8,Processador de alto desempenho ideal para tarefas exigentes e jogos modernos.,56.0,"R$ 3.376,87","R$ 662,13",12%,"18,00%","4,00%","1,65%","7,60%","43,25%","R$ 4.837,37"
Placa-Mãe,Placa-Mãe Biostar Pro v7,Placa-mãe compatível com os principais processadores e suporte a múltiplos dispositivos.,12.0,"R$ 4.355,18","R$ 853,96",12%,"18,00%","4,00%","1,65%","7,60%","43,25%","R$ 6.238,80"
Armazenamento,Armazenamento Kingston SSD Lite v5,Dispositivo de armazenamento rápido e confiável para guardar arquivos e jogos.,26.0,"R$ 113,39","R$ 22,23",12%,"18,00%","4,00%","1,65%","7,60%","43,25%","R$ 162,43"
Gabinete,Gabinete Redragon Gamer v5,"Gabinete com design moderno, excelente ventilação e compatibilidade com placas ATX.",38.0,"R$ 4.659,85","R$ 913,70",12%,"18,00%","4,00%","1,65%","7,60%","43,25%","R$ 6.675,24"
Periféricos,Periféricos Webcam Logitech Edition v4,Acessório essencial para gamers e profissionais que buscam conforto e performance.,86.0,"R$ 2.057,63","R$ 403,46",12%,"18,00%","4,00%","1,65%","7,60%","43,25%","R$ 2.947,55"
Processador,Processador AMD Ryzen 9 Pro v6 v7,Processador de alto desempenho ideal para tarefas exigentes e jogos modernos.,16.0,"R$ 4.342,18","R$ 851,41",12%,"18,00%","4,00%","1,65%","7,60%","43,25%","R$ 6.220,17"
Placa-Mãe,Placa-Mãe Biostar Pro v6,Placa-mãe compatível com os principais processadores e suporte a múltiplos dispositivos.,12.0,"R$ 4.355,18","R$ 853,96",12%,"18,00%","4,00%","1,65%","7,60%","43,25%","R$ 6.238,80"
Notebook,Notebook Lenovo IdeaPad Pro v7,"Notebook com boa performance para estudos, trabalho e entretenimento.",44.0,"R$ 4.194,64","R$ 822,48",12%,"18,00%","4,00%","1,65%","7,60%","43,25%","R$ 6.008,82"
Memória RAM,Memória RAM G.Skill Lite v2,Módulo de memória RAM de alta velocidade para multitarefa e desempenho aprimorado.,75.0,"R$ 231,97","R$ 45,48",12%,"18,00%","4,00%","1,65%","7,60%","43,25%","R$ 332,30"
Processador,Processador AMD Ryzen 5 Edition v3 v4,Processador de alto desempenho ideal para tarefas exigentes e jogos modernos.,92.0,"R$ 1.566,26","R$ 307,11",12%,"18,00%","4,00%","1,65%","7,60%","43,25%","R$ 2.243,67"
Suporte de Monitor,Suporte de Monitor Fellowes Articulado v9,"Suporte ajustável para monitores, melhorando ergonomia e organização da mesa.",,,,,,,,,,
Armazenamento,Armazenamento Samsung SSD Edition v5,Dispositivo de armazenamento rápido e confiável para guardar arquivos e jogos.,50.0,"R$ 2.253,35","R$ 441,83",12%,"18,00%","4,00%","1,65%","7,60%","43,25%","R$ 3.227,92"
Gabinete,Gabinete Cooler Master Edition v4,"Gabinete com design moderno, excelente ventilação e compatibilidade com placas ATX.",91.0,"R$ 4.803,17","R$ 941,80",12%,"18,00%","4,00%","1,65%","7,60%","43,25%","R$ 6.880,54"
Placa de Vídeo,Placa de Vídeo NVIDIA RTX 4070 Edition v7,GPU potente ideal para gamers e profissionais de edição de vídeo e 3D.,95.0,"R$ 3.174,80","R$ 622,51",12%,"18,00%","4,00%","1,65%","7,60%","43,25%","R$ 4.547,90"
Processador,Processador Intel Core i5 Plus v7,Processador de alto desempenho ideal para tarefas exigentes e jogos modernos.,48.0,"R$ 3.304,14","R$ 647,87",12%,"18,00%","4,00%","1,65%","7,60%","43,25%","R$ 4.733,18"
Suporte de Monitor,Suporte de Monitor ELG Articulado v6,"Suporte ajustável para monitores, melhorando ergonomia e organização da mesa.",,,,,,,,,,
Placa de Rede,Placa de Rede Asus Plus v5,Placa de rede de alta velocidade para conexões estáveis e rápidas.,46.0,"R$ 158,83","R$ 31,14",12%,"18,00%","4,00%","1,65%","7,60%","43,25%","R$ 227,52"
Placa de Rede,Placa de Rede Asus Plus v5 v5,Placa de rede de alta velocidade para conexões estáveis e rápidas.,46.0,"R$ 158,83","R$ 31,14",12%,"18,00%","4,00%","1,65%","7,60%","43,25%","R$ 227,52"
Suporte de Monitor,Suporte de Monitor Multivisão Duplo v4,"Suporte ajustável para monitores, melhorando ergonomia e organização da mesa.",,,,,,,,,,
Gabinete,Gabinete Redragon Pro v2,"Gabinete com design moderno, excelente ventilação e compatibilidade com placas ATX.",100.0,"R$ 413,45","R$ 81,07",12%,"18,00%","4,00%","1,65%","7,60%","43,25%","R$ 592,27"
Periféricos,Periféricos Microfone Fifine Plus v3,Acessório essencial para gamers e profissionais que buscam conforto e performance.,10.0,"R$ 2.403,57","R$ 471,29",12%,"18,00%","4,00%","1,65%","7,60%","43,25%","R$ 3.443,11"
Monitor,Monitor AOC v7,Monitor com alta resolução e taxa de atualização para produtividade e jogos.,50.0,"R$ 1.426,57","R$ 279,72",12%,"18,00%","4,00%","1,65%","7,60%","43,25%","R$ 2.043,56"
Periféricos,Periféricos Mouse Logitech Gamer v4 v4,Acessório essencial para gamers e profissionais que buscam conforto e performance.,18.0,"R$ 500,12","R$ 98,06",12%,"18,00%","4,00%","1,65%","7,60%","43,25%","R$ 716,42"
Cooler/Resfriamento,Cooler/Resfriamento Arctic v9,Sistema de resfriamento eficaz para manter seu processador em temperatura ideal.,93.0,"R$ 3.790,37","R$ 743,21",12%,"18,00%","4,00%","1,65%","7,60%","43,25%","R$ 5.429,71"
Armazenamento,Armazenamento Crucial SSD Edition v9,Dispositivo de armazenamento rápido e confiável para guardar arquivos e jogos.,16.0,"R$ 1.527,64","R$ 299,54",12%,"18,00%","4,00%","1,65%","7,60%","43,25%","R$ 2.188,34"
Fonte,Fonte XPG Edition v4,Fonte de alimentação eficiente com proteção contra surtos e energia estável.,15.0,"R$ 1.259,04","R$ 246,87",12%,"18,00%","4,00%","1,65%","7,60%","43,25%","R$ 1.803,57"
Placa de Vídeo,Placa de Vídeo NVIDIA GTX 1650 Edition v8,GPU potente ideal para gamers e profissionais de edição de vídeo e 3D.,83.0,"R$ 1.595,48","R$ 312,84",12%,"18,00%","4,00%","1,65%","7,60%","43,25%","R$ 2.285,53"
Fonte,Fonte Thermaltake Gamer v6,Fonte de alimentação eficiente com proteção contra surtos e energia estável.,40.0,"R$ 3.095,73","R$ 607,01",12%,"18,00%","4,00%","1,65%","7,60%","43,25%","R$ 4.434,63"
Suporte de Monitor,Suporte de Monitor ELG Ajustável v5,"Suporte ajustável para monitores, melhorando ergonomia e organização da mesa.",,,,,,,,,,
Gabinete,Gabinete Thermaltake v2,"Gabinete com design moderno, excelente ventilação e compatibilidade com placas ATX.",77.0,"R$ 3.652,48","R$ 716,17",12%,"18,00%","4,00%","1,65%","7,60%","43,25%","R$ 5.232,18"
Monitor,Monitor Dell v7,Monitor com alta resolução e taxa de atualização para produtividade e jogos.,32.0,"R$ 427,24","R$ 83,77",12%,"18,00%","4,00%","1,65%","7,60%","43,25%","R$ 612,02"
Placa-Mãe,Placa-Mãe Biostar Edition v6,Placa-mãe compatível com os principais processadores e suporte a múltiplos dispositivos.,47.0,"R$ 3.965,59","R$ 777,57",12%,"18,00%","4,00%","1,65%","7,60%","43,25%","R$ 5.680,71"
Mesa Gamer,Mesa Gamer Fortrek Pro v3,"Mesa com estrutura reforçada, ideal para setups gamers com LEDs e ergonomia.",,,,,,,,,,
Placa de Rede,Placa de Rede Asus Plus v5 v6,Placa de rede de alta velocidade para conexões estáveis e rápidas.,46.0,"R$ 158,83","R$ 31,14",12%,"18,00%","4,00%","1,65%","7,60%","43,25%","R$ 227,52"
Periféricos,Periféricos Headset HyperX v7,Acessório essencial para gamers e profissionais que buscam conforto e performance.,36.0,"R$ 1.075,72","R$ 210,93",12%,"18,00%","4,00%","1,65%","7,60%","43,25%","R$ 1.540,97"
Armazenamento,Armazenamento Crucial SSD Gamer v6,Dispositivo de armazenamento rápido e confiável para guardar arquivos e jogos.,68.0,"R$ 654,38","R$ 128,31",12%,"18,00%","4,00%","1,65%","7,60%","43,25%","R$ 937,40"
Armazenamento,Armazenamento Kingston SSD Lite v5 v3,Dispositivo de armazenamento rápido e confiável para guardar arquivos e jogos.,26.0,"R$ 113,39","R$ 22,23",12%,"18,00%","4,00%","1,65%","7,60%","43,25%","R$ 162,43"
Processador,Processador AMD Ryzen 5 Edition v3 v4 v6,Processador de alto desempenho ideal para tarefas exigentes e jogos modernos.,92.0,"R$ 1.566,26","R$ 307,11",12%,"18,00%","4,00%","1,65%","7,60%","43,25%","R$ 2.243,67"
Fonte,Fonte Cooler Master Edition v8,Fonte de alimentação eficiente com proteção contra surtos e energia estável.,96.0,"R$ 1.320,70","R$ 258,96",12%,"18,00%","4,00%","1,65%","7,60%","43,25%","R$ 1.891,90"
Periféricos,Periféricos Webcam Logitech Edition v4 v6,Acessório essencial para gamers e profissionais que buscam conforto e performance.,68.0,"R$ 968,12","R$ 189,83",12%,"18,00%","4,00%","1,65%","7,60%","43,25%","R$ 1.386,83"
Placa-Mãe,Placa-Mãe Biostar Pro v3,Placa-mãe compatível com os principais processadores e suporte a múltiplos dispositivos.,12.0,"R$ 4.355,18","R$ 853,96",12%,"18,00%","4,00%","1,65%","7,60%","43,25%","R$ 6.238,80"
Armazenamento,Armazenamento WD SSD Edition v3,Dispositivo de armazenamento rápido e confiável para guardar arquivos e jogos.,44.0,"R$ 3.413,41","R$ 669,30",12%,"18,00%","4,00%","1,65%","7,60%","43,25%","R$ 4.889,71"
Placa-Mãe,Placa-Mãe ASRock Edition v8,Placa-mãe compatível com os principais processadores e suporte a múltiplos dispositivos.,88.0,"R$ 1.025,35","R$ 201,05",12%,"18,00%","4,00%","1,65%","7,60%","43,25%","R$ 1.468,81"
Processador,Processador AMD Ryzen 5 Pro v3,Processador de alto desempenho ideal para tarefas exigentes e jogos modernos.,70.0,"R$ 614,62","R$ 120,51",12%,"18,00%","4,00%","1,65%","7,60%","43,25%","R$ 880,44"
Armazenamento,Armazenamento Samsung SSD Edition v5 v3,Dispositivo de armazenamento rápido e confiável para guardar arquivos e jogos.,50.0,"R$ 2.253,35","R$ 441,83",12%,"18,00%","4,00%","1,65%","7,60%","43,25%","R$ 3.227,92"
Processador,Processador Intel Core i3 Lite v8,Processador de alto desempenho ideal para tarefas exigentes e jogos modernos.,100.0,"R$ 291,14","R$ 57,09",12%,"18,00%","4,00%","1,65%","7,60%","43,25%","R$ 417,06"
Suporte de Monitor,Suporte de Monitor Fellowes Articulado v2 v7,"Suporte ajustável para monitores, melhorando ergonomia e organização da mesa.",,,,,,,,,,
Suporte de Monitor,Suporte de Monitor Multivisão Ajustável v8,"Suporte ajustável para monitores, melhorando ergonomia e organização da mesa.",,,,,,,,,,
Cooler/Resfriamento,Cooler/Resfriamento Thermaltake Edition v3 v7,Sistema de resfriamento eficaz para manter seu processador em temperatura ideal.,36.0,"R$ 1.878,34","R$ 368,30",12%,"18,00%","4,00%","1,65%","7,60%","43,25%","R$ 2.690,72"
Suporte de Monitor,Suporte de Monitor ELG Articulado v9,"Suporte ajustável para monitores, melhorando ergonomia e organização da mesa.",,,,,,,,,,
Processador,Processador Intel Core i7 Plus v3,Processador de alto desempenho ideal para tarefas exigentes e jogos modernos.,78.0,"R$ 2.049,14","R$ 401,79",12%,"18,00%","4,00%","1,65%","7,60%","43,25%","R$ 2.935,39"
Fonte,Fonte Thermaltake Gamer v4,Fonte de alimentação eficiente com proteção contra surtos e energia estável.,32.0,"R$ 2.805,33","R$ 550,06",12%,"18,00%","4,00%","1,65%","7,60%","43,25%","R$ 4.018,64"
Monitor,Monitor Dell v2,Monitor com alta resolução e taxa de atualização para produtividade e jogos.,32.0,"R$ 427,24","R$ 83,77",12%,"18,00%","4,00%","1,65%","7,60%","43,25%","R$ 612,02"
Mesa Gamer,Mesa Gamer Xtrike LED v8 v2,"Mesa com estrutura reforçada, ideal para setups gamers com LEDs e ergonomia.",,,,,,,,,,
Monitor,Monitor AOC Lite v7,Monitor com alta resolução e taxa de atualização para produtividade e jogos.,65.0,"R$ 3.003,20","R$ 588,86",12%,"18,00%","4,00%","1,65%","7,60%","43,25%","R$ 4.302,08"
Processador,Processador Intel Core i7 v9,Processador de alto desempenho ideal para tarefas exigentes e jogos modernos.,26.0,"R$ 4.109,85","R$ 805,85",12%,"18,00%","4,00%","1,65%","7,60%","43,25%","R$ 5.887,36"
Armazenamento,Armazenamento Samsung SSD Edition v5 v3 v4,Dispositivo de armazenamento rápido e confiável para guardar arquivos e jogos.,50.0,"R$ 2.253,35","R$ 441,83",12%,"18,00%","4,00%","1,65%","7,60%","43,25%","R$ 3.227,92"
Placa-Mãe,Placa-Mãe ASUS Pro v4,Placa-mãe compatível com os principais processadores e suporte a múltiplos dispositivos.,88.0,"R$ 4.084,96","R$ 800,97",12%,"18,00%","4,00%","1,65%","7,60%","43,25%","R$ 5.851,71"
Placa de Rede,Placa de Rede Asus Plus v5 v4,Placa de rede de alta velocidade para conexões estáveis e rápidas.,46.0,"R$ 158,83","R$ 31,14",12%,"18,00%","4,00%","1,65%","7,60%","43,25%","R$ 227,52"
Suporte de Monitor,Suporte de Monitor Fellowes Duplo v3,"Suporte ajustável para monitores, melhorando ergonomia e organização da mesa.",,,,,,,,,,
Gabinete,Gabinete Thermaltake Plus v5,"Gabinete com design moderno, excelente ventilação e compatibilidade com placas ATX.",81.0,"R$ 3.232,68","R$ 633,86",12%,"18,00%","4,00%","1,65%","7,60%","43,25%","R$ 4.630,81"
Placa de Vídeo,Placa de Vídeo NVIDIA GTX 1650 Edition v2,GPU potente ideal para gamers e profissionais de edição de vídeo e 3D.,83.0,"R$ 1.595,48","R$ 312,84",12%,"18,00%","4,00%","1,65%","7,60%","43,25%","R$ 2.285,53"
Armazenamento,Armazenamento WD SSD Edition v3 v3,Dispositivo de armazenamento rápido e confiável para guardar arquivos e jogos.,44.0,"R$ 3.413,41","R$ 669,30",12%,"18,00%","4,00%","1,65%","7,60%","43,25%","R$ 4.889,71"
Processador,Processador Intel Core i7 v3,Processador de alto desempenho ideal para tarefas exigentes e jogos modernos.,26.0,"R$ 4.109,85","R$ 805,85",12%,"18,00%","4,00%","1,65%","7,60%","43,25%","R$ 5.887,36"
Suporte de Monitor,Suporte de Monitor ELG Articulado v9 v9,"Suporte ajustável para monitores, melhorando ergonomia e organização da mesa.",,,,,,,,,,
Processador,Processador Intel Core i5 Plus v7 v3,Processador de alto desempenho ideal para tarefas exigentes e jogos modernos.,48.0,"R$ 3.304,14","R$ 647,87",12%,"18,00%","4,00%","1,65%","7,60%","43,25%","R$ 4.733,18"
Fonte,Fonte Cooler Master Edition v8,Fonte de alimentação eficiente com proteção contra surtos e energia estável.,96.0,"R$ 1.320,70","R$ 258,96",12%,"18,00%","4,00%","1,65%","7,60%","43,25%","R$ 1.891,90"
Monitor,Monitor LG Lite v2,Monitor com alta resolução e taxa de atualização para produtividade e jogos.,64.0,"R$ 2.179,65","R$ 427,38",12%,"18,00%","4,00%","1,65%","7,60%","43,25%","R$ 3.122,35"
Monitor,Monitor Dell v7 v6,Monitor com alta resolução e taxa de atualização para produtividade e jogos.,32.0,"R$ 427,24","R$ 83,77",12%,"18,00%","4,00%","1,65%","7,60%","43,25%","R$ 612,02"
Fonte,Fonte Thermaltake Plus v5,Fonte de alimentação eficiente com proteção contra surtos e energia estável.,43.0,"R$ 1.459,16","R$ 286,11",12%,"18,00%","4,00%","1,65%","7,60%","43,25%","R$ 2.090,25"
Memória RAM,Memória RAM ADATA v3,Módulo de memória RAM de alta velocidade para multitarefa e desempenho aprimorado.,57.0,"R$ 1.522,84","R$ 298,60",12%,"18,00%","4,00%","1,65%","7,60%","43,25%","R$ 2.181,47"
Notebook,Notebook Lenovo IdeaPad Lite v6,"Notebook com boa performance para estudos, trabalho e entretenimento.",95.0,"R$ 4.416,46","R$ 865,97",12%,"18,00%","4,00%","1,65%","7,60%","43,25%","R$ 6.326,58"
Mesa Gamer,Mesa Gamer Xtrike Pro v7,"Mesa com estrutura reforçada, ideal para setups gamers com LEDs e ergonomia.",,,,,,,,,,
Cooler/Resfriamento,Cooler/Resfriamento Thermaltake Edition v8,Sistema de resfriamento eficaz para manter seu processador em temperatura ideal.,36.0,"R$ 1.878,34","R$ 368,30",12%,"18,00%","4,00%","1,65%","7,60%","43,25%","R$ 2.690,72"
Gabinete,Gabinete Redragon Pro v2,"Gabinete com design moderno, excelente ventilação e compatibilidade com placas ATX.",100.0,"R$ 413,45","R$ 81,07",12%,"18,00%","4,00%","1,65%","7,60%","43,25%","R$ 592,27"
Memória RAM,Memória RAM Corsair Gamer v8 v9,Módulo de memória RAM de alta velocidade para multitarefa e desempenho aprimorado.,61.0,"R$ 3.279,17","R$ 642,97",12%,"18,00%","4,00%","1,65%","7,60%","43,25%","R$ 4.697,41"
Armazenamento,Armazenamento Seagate HDD Gamer v8,Dispositivo de armazenamento rápido e confiável para guardar arquivos e jogos.,98.0,"R$ 4.494,32","R$ 881,24",12%,"18,00%","4,00%","1,65%","7,60%","43,25%","R$ 6.438,11"
Cooler/Resfriamento,Cooler/Resfriamento Thermaltake Lite v2,Sistema de resfriamento eficaz para manter seu processador em temperatura ideal.,69.0,"R$ 2.746,14","R$ 538,46",12%,"18,00%","4,00%","1,65%","7,60%","43,25%","R$ 3.933,85"
Mesa Gamer,Mesa Gamer DT3 Sports Xtreme v2,"Mesa com estrutura reforçada, ideal para setups gamers com LEDs e ergonomia.",,,,,,,,,,
Mesa Gamer,Mesa Gamer Redragon RGB v5,"Mesa com estrutura reforçada, ideal para setups gamers com LEDs e ergonomia.",,,,,,,,,,
Placa de Rede,Placa de Rede D-Link Lite v2,Placa de rede de alta velocidade para conexões estáveis e rápidas.,34.0,"R$ 4.299,12","R$ 842,96",12%,"18,00%","4,00%","1,65%","7,60%","43,25%","R$ 6.158,49"
Fonte,Fonte Thermaltake Edition v6,Fonte de alimentação eficiente com proteção contra surtos e energia estável.,36.0,"R$ 4.514,28","R$ 885,15",12%,"18,00%","4,00%","1,65%","7,60%","43,25%","R$ 6.466,71"
Suporte de Monitor,Suporte de Monitor Fellowes Articulado v4,"Suporte ajustável para monitores, melhorando ergonomia e organização da mesa.",,,,,,,,,,
Processador,Processador AMD Ryzen 3 Lite v3,Processador de alto desempenho ideal para tarefas exigentes e jogos modernos.,35.0,"R$ 1.182,48","R$ 231,86",12%,"18,00%","4,00%","1,65%","7,60%","43,25%","R$ 1.693,90"
Gabinete,Gabinete Redragon Gamer v5 v5,"Gabinete com design moderno, excelente ventilação e compatibilidade com placas ATX.",38.0,"R$ 4.659,85","R$ 913,70",12%,"18,00%","4,00%","1,65%","7,60%","43,25%","R$ 6.675,24"
Fonte,Fonte Thermaltake Gamer v6 v9,Fonte de alimentação eficiente com proteção contra surtos e energia estável.,40.0,"R$ 3.095,73","R$ 607,01",12%,"18,00%","4,00%","1,65%","7,60%","43,25%","R$ 4.434,63"
Monitor,Monitor Dell v2,Monitor com alta resolução e taxa de atualização para produtividade e jogos.,32.0,"R$ 427,24","R$ 83,77",12%,"18,00%","4,00%","1,65%","7,60%","43,25%","R$ 612,02"
Armazenamento,Armazenamento Seagate HDD Pro v9,Dispositivo de armazenamento rápido e confiável para guardar arquivos e jogos.,41.0,"R$ 1.413,84","R$ 277,22",12%,"18,00%","4,00%","1,65%","7,60%","43,25%","R$ 2.025,33"
Fonte,Fonte Corsair Lite v9,Fonte de alimentação eficiente com proteção contra surtos e energia estável.,77.0,"R$ 3.514,58","R$ 689,13",12%,"18,00%","4,00%","1,65%","7,60%","43,25%","R$ 5.034,64"
Cooler/Resfriamento,Cooler/Resfriamento Noctua Plus v5,Sistema de resfriamento eficaz para manter seu processador em temperatura ideal.,41.0,"R$ 2.096,11","R$ 411,00",12%,"18,00%","4,00%","1,65%","7,60%","43,25%","R$ 3.002,68"
Suporte de Monitor,Suporte de Monitor PCYes Duplo v4,"Suporte ajustável para monitores, melhorando ergonomia e organização da mesa.",,,,,,,,,,
Placa de Vídeo,Placa de Vídeo NVIDIA RTX 4070 Edition v3,GPU potente ideal para gamers e profissionais de edição de vídeo e 3D.,10.0,"R$ 211,52","R$ 41,47",12%,"18,00%","4,00%","1,65%","7,60%","43,25%","R$ 303,00"
Processador,Processador Intel Core i5 Edition v5,Processador de alto desempenho ideal para tarefas exigentes e jogos modernos.,67.0,"R$ 4.980,19","R$ 976,51",12%,"18,00%","4,00%","1,65%","7,60%","43,25%","R$ 7.134,12"
Periféricos,Periféricos Teclado Redragon v5,Acessório essencial para gamers e profissionais que buscam conforto e performance.,82.0,"R$ 914,32","R$ 179,28",12%,"18,00%","4,00%","1,65%","7,60%","43,25%","R$ 1.309,76"
Cooler/Resfriamento,Cooler/Resfriamento Thermaltake Edition v3 v7 v5,Sistema de resfriamento eficaz para manter seu processador em temperatura ideal.,36.0,"R$ 1.878,34","R$ 368,30",12%,"18,00%","4,00%","1,65%","7,60%","43,25%","R$ 2.690,72"
Processador,Processador AMD Ryzen 3 Lite v8,Processador de alto desempenho ideal para tarefas exigentes e jogos modernos.,72.0,"R$ 1.913,22","R$ 375,14",12%,"18,00%","4,00%","1,65%","7,60%","43,25%","R$ 2.740,69"
Armazenamento,Armazenamento Samsung SSD Edition v5 v3 v6,Dispositivo de armazenamento rápido e confiável para guardar arquivos e jogos.,50.0,"R$ 2.253,35","R$ 441,83",12%,"18,00%","4,00%","1,65%","7,60%","43,25%","R$ 3.227,92"
Cooler/Resfriamento,Cooler/Resfriamento Cooler Master v4 v6,Sistema de resfriamento eficaz para manter seu processador em temperatura ideal.,76.0,"R$ 2.550,87","R$ 500,17",12%,"18,00%","4,00%","1,65%","7,60%","43,25%","R$ 3.654,12"
Placa de Rede,Placa de Rede Asus Plus v5 v6 v5,Placa de rede de alta velocidade para conexões estáveis e rápidas.,46.0,"R$ 158,83","R$ 31,14",12%,"18,00%","4,00%","1,65%","7,60%","43,25%","R$ 227,52"
Cooler/Resfriamento,Cooler/Resfriamento Noctua v5,Sistema de resfriamento eficaz para manter seu processador em temperatura ideal.,61.0,"R$ 3.000,14","R$ 588,26",12%,"18,00%","4,00%","1,65%","7,60%","43,25%","R$ 4.297,70"
Processador,Processador Intel Core i5 Edition v6,Processador de alto desempenho ideal para tarefas exigentes e jogos modernos.,56.0,"R$ 826,28","R$ 162,02",12%,"18,00%","4,00%","1,65%","7,60%","43,25%","R$ 1.183,65"
Fonte,Fonte EVGA Pro v4,Fonte de alimentação eficiente com proteção contra surtos e energia estável.,85.0,"R$ 4.718,75","R$ 925,25",12%,"18,00%","4,00%","1,65%","7,60%","43,25%","R$ 6.759,61"
Processador,Processador AMD Ryzen 5 Pro v3 v7,Processador de alto desempenho ideal para tarefas exigentes e jogos modernos.,70.0,"R$ 614,62","R$ 120,51",12%,"18,00%","4,00%","1,65%","7,60%","43,25%","R$ 880,44"
Notebook,Notebook Lenovo IdeaPad Pro v5,"Notebook com boa performance para estudos, trabalho e entretenimento.",95.0,"R$ 2.547,69","R$ 499,55",12%,"18,00%","4,00%","1,65%","7,60%","43,25%","R$ 3.649,57"
Gabinete,Gabinete Redragon Gamer v5 v4,"Gabinete com design moderno, excelente ventilação e compatibilidade com placas ATX.",38.0,"R$ 4.659,85","R$ 913,70",12%,"18,00%","4,00%","1,65%","7,60%","43,25%","R$ 6.675,24"
Notebook,Notebook Lenovo IdeaPad Lite v9,"Notebook com boa performance para estudos, trabalho e entretenimento.",95.0,"R$ 4.416,46","R$ 865,97",12%,"18,00%","4,00%","1,65%","7,60%","43,25%","R$ 6.326,58"
Placa-Mãe,Placa-Mãe ASRock Pro v4,Placa-mãe compatível com os principais processadores e suporte a múltiplos dispositivos.,35.0,"R$ 2.002,79","R$ 392,70",12%,"18,00%","4,00%","1,65%","7,60%","43,25%","R$ 2.869,00"
Suporte de Monitor,Suporte de Monitor ELG Articulado v6 v8,"Suporte ajustável para monitores, melhorando ergonomia e organização da mesa.",,,,,,,,,,
Placa-Mãe,Placa-Mãe Biostar Pro v9,Placa-mãe compatível com os principais processadores e suporte a múltiplos dispositivos.,12.0,"R$ 4.355,18","R$ 853,96",12%,"18,00%","4,00%","1,65%","7,60%","43,25%","R$ 6.238,80"
Processador,Processador Intel Core i5 Edition v5 v5,Processador de alto desempenho ideal para tarefas exigentes e jogos modernos.,67.0,"R$ 4.980,19","R$ 976,51",12%,"18,00%","4,00%","1,65%","7,60%","43,25%","R$ 7.134,12"
Placa-Mãe,Placa-Mãe ASRock Edition v8 v8,Placa-mãe compatível com os principais processadores e suporte a múltiplos dispositivos.,88.0,"R$ 1.025,35","R$ 201,05",12%,"18,00%","4,00%","1,65%","7,60%","43,25%","R$ 1.468,81"
Cooler/Resfriamento,Cooler/Resfriamento Noctua v8,Sistema de resfriamento eficaz para manter seu processador em temperatura ideal.,61.0,"R$ 3.000,14","R$ 588,26",12%,"18,00%","4,00%","1,65%","7,60%","43,25%","R$ 4.297,70"
Memória RAM,Memória RAM Corsair Gamer v7,Módulo de memória RAM de alta velocidade para multitarefa e desempenho aprimorado.,61.0,"R$ 3.279,17","R$ 642,97",12%,"18,00%","4,00%","1,65%","7,60%","43,25%","R$ 4.697,41"
Processador,Processador Intel Core i9 Lite v5 v3,Processador de alto desempenho ideal para tarefas exigentes e jogos modernos.,33.0,"R$ 2.642,48","R$ 518,13",12%,"18,00%","4,00%","1,65%","7,60%","43,25%","R$ 3.785,35"
Processador,Processador Intel Core i5 Plus v7 v3 v6,Processador de alto desempenho ideal para tarefas exigentes e jogos modernos.,48.0,"R$ 3.304,14","R$ 647,87",12%,"18,00%","4,00%","1,65%","7,60%","43,25%","R$ 4.733,18"
Processador,Processador Intel Core i7 v6,Processador de alto desempenho ideal para tarefas exigentes e jogos modernos.,26.0,"R$ 4.109,85","R$ 805,85",12%,"18,00%","4,00%","1,65%","7,60%","43,25%","R$ 5.887,36"
Cooler/Resfriamento,Cooler/Resfriamento Arctic v4,Sistema de resfriamento eficaz para manter seu processador em temperatura ideal.,93.0,"R$ 3.790,37","R$ 743,21",12%,"18,00%","4,00%","1,65%","7,60%","43,25%","R$ 5.429,71"
Suporte de Monitor,Suporte de Monitor Fellowes Articulado v4 v3,"Suporte ajustável para monitores, melhorando ergonomia e organização da mesa.",,,,,,,,,,
Placa-Mãe,Placa-Mãe Biostar Edition v6 v6,Placa-mãe compatível com os principais processadores e suporte a múltiplos dispositivos.,47.0,"R$ 3.965,59","R$ 777,57",12%,"18,00%","4,00%","1,65%","7,60%","43,25%","R$ 5.680,71"
Suporte de Monitor,Suporte de Monitor Multivisão Articulado v2,"Suporte ajustável para monitores, melhorando ergonomia e organização da mesa.",,,,,,,,,,
Suporte de Monitor,Suporte de Monitor Fellowes Articulado v9 v6,"Suporte ajustável para monitores, melhorando ergonomia e organização da mesa.",,,,,,,,,,
Placa de Rede,Placa de Rede D-Link v4,Placa de rede de alta velocidade para conexões estáveis e rápidas.,42.0,"R$ 1.095,60","R$ 214,82",12%,"18,00%","4,00%","1,65%","7,60%","43,25%","R$ 1.569,45"
Memória RAM,Memória RAM Crucial Plus v8,Módulo de memória RAM de alta velocidade para multitarefa e desempenho aprimorado.,55.0,"R$ 914,30","R$ 179,27",12%,"18,00%","4,00%","1,65%","7,60%","43,25%","R$ 1.309,73"
Suporte de Monitor,Suporte de Monitor PCYes Duplo v4 v3,"Suporte ajustável para monitores, melhorando ergonomia e organização da mesa.",,,,,,,,,,
Mesa Gamer,Mesa Gamer DT3 Sports Xtreme v5,"Mesa com estrutura reforçada, ideal para setups gamers com LEDs e ergonomia.",,,,,,,,,,
Processador,Processador Intel Core i9 Lite v5 v3 v6,Processador de alto desempenho ideal para tarefas exigentes e jogos modernos.,33.0,"R$ 2.642,48","R$ 518,13",12%,"18,00%","4,00%","1,65%","7,60%","43,25%","R$ 3.785,35"
Armazenamento,Armazenamento Seagate HDD Pro v9,Dispositivo de armazenamento rápido e confiável para guardar arquivos e jogos.,41.0,"R$ 1.413,84","R$ 277,22",12%,"18,00%","4,00%","1,65%","7,60%","43,25%","R$ 2.025,33"
Monitor,Monitor Dell v9,Monitor com alta resolução e taxa de atualização para produtividade e jogos.,31.0,"R$ 811,04","R$ 159,03",12%,"18,00%","4,00%","1,65%","7,60%","43,25%","R$ 1.161,81"
Cooler/Resfriamento,Cooler/Resfriamento Noctua v4,Sistema de resfriamento eficaz para manter seu processador em temperatura ideal.,61.0,"R$ 3.000,14","R$ 588,26",12%,"18,00%","4,00%","1,65%","7,60%","43,25%","R$ 4.297,70"
Processador,Processador Intel Core i3 Gamer v4 v7,Processador de alto desempenho ideal para tarefas exigentes e jogos modernos.,21.0,"R$ 2.631,26","R$ 515,93",12%,"18,00%","4,00%","1,65%","7,60%","43,25%","R$ 3.769,28"
Processador,Processador Intel Core i9 Lite v5 v3 v6 v9,Processador de alto desempenho ideal para tarefas exigentes e jogos modernos.,33.0,"R$ 2.642,48","R$ 518,13",12%,"18,00%","4,00%","1,65%","7,60%","43,25%","R$ 3.785,35"
Armazenamento,Armazenamento Crucial SSD Edition v9 v3,Dispositivo de armazenamento rápido e confiável para guardar arquivos e jogos.,16.0,"R$ 1.527,64","R$ 299,54",12%,"18,00%","4,00%","1,65%","7,60%","43,25%","R$ 2.188,34"
Monitor,Monitor AOC v7 v6,Monitor com alta resolução e taxa de atualização para produtividade e jogos.,50.0,"R$ 1.426,57","R$ 279,72",12%,"18,00%","4,00%","1,65%","7,60%","43,25%","R$ 2.043,56"
Fonte,Fonte XPG Edition v4 v2,Fonte de alimentação eficiente com proteção contra surtos e energia estável.,15.0,"R$ 1.259,04","R$ 246,87",12%,"18,00%","4,00%","1,65%","7,60%","43,25%","R$ 1.803,57"
Placa-Mãe,Placa-Mãe ASUS Lite v4,Placa-mãe compatível com os principais processadores e suporte a múltiplos dispositivos.,11.0,"R$ 487,82","R$ 95,65",12%,"18,00%","4,00%","1,65%","7,60%","43,25%","R$ 698,80"
Periféricos,Periféricos Mousepad Razer Pro v9,Acessório essencial para gamers e profissionais que buscam conforto e performance.,48.0,"R$ 614,96","R$ 120,58",12%,"18,00%","4,00%","1,65%","7,60%","43,25%","R$ 880,93"
Armazenamento,Armazenamento WD HDD Gamer v2,Dispositivo de armazenamento rápido e confiável para guardar arquivos e jogos.,86.0,"R$ 573,63","R$ 112,48",12%,"18,00%","4,00%","1,65%","7,60%","43,25%","R$ 821,72"
Processador,Processador Intel Core i9 Pro v5,Processador de alto desempenho ideal para tarefas exigentes e jogos modernos.,64.0,"R$ 4.656,40","R$ 913,02",12%,"18,00%","4,00%","1,65%","7,60%","43,25%","R$ 6.670,29"
Fonte,Fonte Cooler Master Plus v4,Fonte de alimentação eficiente com proteção contra surtos e energia estável.,83.0,"R$ 3.162,31","R$ 620,06",12%,"18,00%","4,00%","1,65%","7,60%","43,25%","R$ 4.530,01"
Monitor,Monitor Samsung Gamer v7,Monitor com alta resolução e taxa de atualização para produtividade e jogos.,54.0,"R$ 4.954,93","R$ 971,55",12%,"18,00%","4,00%","1,65%","7,60%","43,25%","R$ 7.097,94"
Cooler/Resfriamento,Cooler/Resfriamento Thermaltake Edition v8 v7,Sistema de resfriamento eficaz para manter seu processador em temperatura ideal.,36.0,"R$ 1.878,34","R$ 368,30",12%,"18,00%","4,00%","1,65%","7,60%","43,25%","R$ 2.690,72"
Memória RAM,Memória RAM Kingston Plus v8,Módulo de memória RAM de alta velocidade para multitarefa e desempenho aprimorado.,52.0,"R$ 1.322,23","R$ 259,26",12%,"18,00%","4,00%","1,65%","7,60%","43,25%","R$ 1.894,09"
Armazenamento,Armazenamento Samsung SSD Edition v5 v3 v8,Dispositivo de armazenamento rápido e confiável para guardar arquivos e jogos.,50.0,"R$ 2.253,35","R$ 441,83",12%,"18,00%","4,00%","1,65%","7,60%","43,25%","R$ 3.227,92"
Placa-Mãe,Placa-Mãe ASUS Lite v4 v8,Placa-mãe compatível com os principais processadores e suporte a múltiplos dispositivos.,11.0,"R$ 487,82","R$ 95,65",12%,"18,00%","4,00%","1,65%","7,60%","43,25%","R$ 698,80"
Cooler/Resfriamento,Cooler/Resfriamento Thermaltake Lite v2 v2,Sistema de resfriamento eficaz para manter seu processador em temperatura ideal.,69.0,"R$ 2.746,14","R$ 538,46",12%,"18,00%","4,00%","1,65%","7,60%","43,25%","R$ 3.933,85"
Suporte de Monitor,Suporte de Monitor PCYes Duplo v4,"Suporte ajustável para monitores, melhorando ergonomia e organização da mesa.",,,,,,,,,,
Monitor,Monitor LG Lite v6,Monitor com alta resolução e taxa de atualização para produtividade e jogos.,49.0,"R$ 3.729,42","R$ 731,26",12%,"18,00%","4,00%","1,65%","7,60%","43,25%","R$ 5.342,39"
Memória RAM,Memória RAM Corsair Gamer v7,Módulo de memória RAM de alta velocidade para multitarefa e desempenho aprimorado.,61.0,"R$ 3.279,17","R$ 642,97",12%,"18,00%","4,00%","1,65%","7,60%","43,25%","R$ 4.697,41"
Cooler/Resfriamento,Cooler/Resfriamento Thermaltake Edition v8 v6,Sistema de resfriamento eficaz para manter seu processador em temperatura ideal.,36.0,"R$ 1.878,34","R$ 368,30",12%,"18,00%","4,00%","1,65%","7,60%","43,25%","R$ 2.690,72"
Memória RAM,Memória RAM Kingston Plus v8 v8,Módulo de memória RAM de alta velocidade para multitarefa e desempenho aprimorado.,52.0,"R$ 1.322,23","R$ 259,26",12%,"18,00%","4,00%","1,65%","7,60%","43,25%","R$ 1.894,09"
Placa de Rede,Placa de Rede Asus Plus v5 v5 v6,Placa de rede de alta velocidade para conexões estáveis e rápidas.,46.0,"R$ 158,83","R$ 31,14",12%,"18,00%","4,00%","1,65%","7,60%","43,25%","R$ 227,52"
Cooler/Resfriamento,Cooler/Resfriamento Arctic v4 v7,Sistema de resfriamento eficaz para manter seu processador em temperatura ideal.,93.0,"R$ 3.790,37","R$ 743,21",12%,"18,00%","4,00%","1,65%","7,60%","43,25%","R$ 5.429,71"
Notebook,Notebook Acer Nitro v8,"Notebook com boa performance para estudos, trabalho e entretenimento.",87.0,"R$ 3.971,50","R$ 778,73",12%,"18,00%","4,00%","1,65%","7,60%","43,25%","R$ 5.689,17"
Cooler/Resfriamento,Cooler/Resfriamento Deepcool Edition v9,Sistema de resfriamento eficaz para manter seu processador em temperatura ideal.,50.0,"R$ 3.850,86","R$ 755,07",12%,"18,00%","4,00%","1,65%","7,60%","43,25%","R$ 5.516,36"
Placa-Mãe,Placa-Mãe ASRock Edition v8 v3,Placa-mãe compatível com os principais processadores e suporte a múltiplos dispositivos.,88.0,"R$ 1.025,35","R$ 201,05",12%,"18,00%","4,00%","1,65%","7,60%","43,25%","R$ 1.468,81"
Processador,Processador Intel Core i7 v2,Processador de alto desempenho ideal para tarefas exigentes e jogos modernos.,26.0,"R$ 4.109,85","R$ 805,85",12%,"18,00%","4,00%","1,65%","7,60%","43,25%","R$ 5.887,36"
Cooler/Resfriamento,Cooler/Resfriamento Noctua Lite v6,Sistema de resfriamento eficaz para manter seu processador em temperatura ideal.,67.0,"R$ 2.601,93","R$ 510,18",12%,"18,00%","4,00%","1,65%","7,60%","43,25%","R$ 3.727,26"
Processador,Processador AMD Ryzen 9 Pro v3,Processador de alto desempenho ideal para tarefas exigentes e jogos modernos.,16.0,"R$ 4.342,18","R$ 851,41",12%,"18,00%","4,00%","1,65%","7,60%","43,25%","R$ 6.220,17"
Cooler/Resfriamento,Cooler/Resfriamento Cooler Master Lite v9,Sistema de resfriamento eficaz para manter seu processador em temperatura ideal.,69.0,"R$ 2.360,40","R$ 462,82",12%,"18,00%","4,00%","1,65%","7,60%","43,25%","R$ 3.381,27"
Gabinete,Gabinete Thermaltake v2 v5,"Gabinete com design moderno, excelente ventilação e compatibilidade com placas ATX.",77.0,"R$ 3.652,48","R$ 716,17",12%,"18,00%","4,00%","1,65%","7,60%","43,25%","R$ 5.232,18"
Cooler/Resfriamento,Cooler/Resfriamento Cooler Master v4 v6 v3,Sistema de resfriamento eficaz para manter seu processador em temperatura ideal.,76.0,"R$ 2.550,87","R$ 500,17",12%,"18,00%","4,00%","1,65%","7,60%","43,25%","R$ 3.654,12"
Placa de Vídeo,Placa de Vídeo NVIDIA RTX 4070 Edition v3,GPU potente ideal para gamers e profissionais de edição de vídeo e 3D.,95.0,"R$ 3.174,80","R$ 622,51",12%,"18,00%","4,00%","1,65%","7,60%","43,25%","R$ 4.547,90"
Armazenamento,Armazenamento Samsung SSD Edition v5 v2,Dispositivo de armazenamento rápido e confiável para guardar arquivos e jogos.,50.0,"R$ 2.253,35","R$ 441,83",12%,"18,00%","4,00%","1,65%","7,60%","43,25%","R$ 3.227,92"
Placa-Mãe,Placa-Mãe Biostar Gamer v9,Placa-mãe compatível com os principais processadores e suporte a múltiplos dispositivos.,38.0,"R$ 3.346,88","R$ 656,25",12%,"18,00%","4,00%","1,65%","7,60%","43,25%","R$ 4.794,41"
Gabinete,Gabinete Thermaltake Plus v8,"Gabinete com design moderno, excelente ventilação e compatibilidade com placas ATX.",81.0,"R$ 3.232,68","R$ 633,86",12%,"18,00%","4,00%","1,65%","7,60%","43,25%","R$ 4.630,81"
Cooler/Resfriamento,Cooler/Resfriamento Noctua Plus v3,Sistema de resfriamento eficaz para manter seu processador em temperatura ideal.,41.0,"R$ 2.096,11","R$ 411,00",12%,"18,00%","4,00%","1,65%","7,60%","43,25%","R$ 3.002,68"
Placa de Vídeo,Placa de Vídeo NVIDIA RTX 4070 Edition v7 v7,GPU potente ideal para gamers e profissionais de edição de vídeo e 3D.,95.0,"R$ 3.174,80","R$ 622,51",12%,"18,00%","4,00%","1,65%","7,60%","43,25%","R$ 4.547,90"
Placa de Vídeo,Placa de Vídeo AMD RX 7900 Edition v8,GPU potente ideal para gamers e profissionais de edição de vídeo e 3D.,29.0,"R$ 3.486,70","R$ 683,67",12%,"18,00%","4,00%","1,65%","7,60%","43,25%","R$ 4.994,70"
Mesa Gamer,Mesa Gamer Xtrike RGB v2,"Mesa com estrutura reforçada, ideal para setups gamers com LEDs e ergonomia.",,,,,,,,,,
Monitor,Monitor AOC Lite v7 v3,Monitor com alta resolução e taxa de atualização para produtividade e jogos.,65.0,"R$ 3.003,20","R$ 588,86",12%,"18,00%","4,00%","1,65%","7,60%","43,25%","R$ 4.302,08"
Monitor,Monitor Philips Pro v5,Monitor com alta resolução e taxa de atualização para produtividade e jogos.,17.0,"R$ 2.387,13","R$ 468,06",12%,"18,00%","4,00%","1,65%","7,60%","43,25%","R$ 3.419,56"
Armazenamento,Armazenamento Samsung SSD Edition v5 v2 v3,Dispositivo de armazenamento rápido e confiável para guardar arquivos e jogos.,50.0,"R$ 2.253,35","R$ 441,83",12%,"18,00%","4,00%","1,65%","7,60%","43,25%","R$ 3.227,92"
Armazenamento,Armazenamento Crucial SSD Gamer v3,Dispositivo de armazenamento rápido e confiável para guardar arquivos e jogos.,68.0,"R$ 654,38","R$ 128,31",12%,"18,00%","4,00%","1,65%","7,60%","43,25%","R$ 937,40"
Placa-Mãe,Placa-Mãe Biostar Pro v9 v3,Placa-mãe compatível com os principais processadores e suporte a múltiplos dispositivos.,12.0,"R$ 4.355,18","R$ 853,96",12%,"18,00%","4,00%","1,65%","7,60%","43,25%","R$ 6.238,80"
Processador,Processador AMD Ryzen 9 Plus v7,Processador de alto desempenho ideal para tarefas exigentes e jogos modernos.,42.0,"R$ 1.191,02","R$ 233,53",12%,"18,00%","4,00%","1,65%","7,60%","43,25%","R$ 1.706,14"
Placa de Rede,Placa de Rede Asus Plus v5 v4 v2,Placa de rede de alta velocidade para conexões estáveis e rápidas.,46.0,"R$ 158,83","R$ 31,14",12%,"18,00%","4,00%","1,65%","7,60%","43,25%","R$ 227,52"
Periféricos,Periféricos Mouse Logitech Gamer v9,Acessório essencial para gamers e profissionais que buscam conforto e performance.,18.0,"R$ 500,12","R$ 98,06",12%,"18,00%","4,00%","1,65%","7,60%","43,25%","R$ 716,42"
Fonte,Fonte Cooler Master Pro v5 v6,Fonte de alimentação eficiente com proteção contra surtos e energia estável.,100.0,"R$ 989,31","R$ 193,98",12%,"18,00%","4,00%","1,65%","7,60%","43,25%","R$ 1.417,19"
Periféricos,Periféricos Mouse Logitech Gamer v4 v4 v2,Acessório essencial para gamers e profissionais que buscam conforto e performance.,18.0,"R$ 500,12","R$ 98,06",12%,"18,00%","4,00%","1,65%","7,60%","43,25%","R$ 716,42"
Processador,Processador AMD Ryzen 5 Edition v3 v6,Processador de alto desempenho ideal para tarefas exigentes e jogos modernos.,92.0,"R$ 1.566,26","R$ 307,11",12%,"18,00%","4,00%","1,65%","7,60%","43,25%","R$ 2.243,67"
Placa de Vídeo,Placa de Vídeo NVIDIA GTX 1650 Edition v9,GPU potente ideal para gamers e profissionais de edição de vídeo e 3D.,55.0,"R$ 4.246,38","R$ 832,62",12%,"18,00%","4,00%","1,65%","7,60%","43,25%","R$ 6.082,94"
Placa-Mãe,Placa-Mãe Biostar Pro v9 v3 v7,Placa-mãe compatível com os principais processadores e suporte a múltiplos dispositivos.,12.0,"R$ 4.355,18","R$ 853,96",12%,"18,00%","4,00%","1,65%","7,60%","43,25%","R$ 6.238,80"
Mesa Gamer,Mesa Gamer Xtrike LED v8 v4,"Mesa com estrutura reforçada, ideal para setups gamers com LEDs e ergonomia.",,,,,,,,,,
Suporte de Monitor,Suporte de Monitor ELG Duplo v5,"Suporte ajustável para monitores, melhorando ergonomia e organização da mesa.",,,,,,,,,,
Mesa Gamer,Mesa Gamer DT3 Sports Xtreme v7,"Mesa com estrutura reforçada, ideal para setups gamers com LEDs e ergonomia.",,,,,,,,,,
Memória RAM,Memória RAM Corsair Gamer v7 v2,Módulo de memória RAM de alta velocidade para multitarefa e desempenho aprimorado.,61.0,"R$ 3.279,17","R$ 642,97",12%,"18,00%","4,00%","1,65%","7,60%","43,25%","R$ 4.697,41"
Placa de Vídeo,Placa de Vídeo AMD RX 6800 v8,GPU potente ideal para gamers e profissionais de edição de vídeo e 3D.,97.0,"R$ 345,20","R$ 67,69",12%,"18,00%","4,00%","1,65%","7,60%","43,25%","R$ 494,50"
Cooler/Resfriamento,Cooler/Resfriamento Arctic Plus v9,Sistema de resfriamento eficaz para manter seu processador em temperatura ideal.,69.0,"R$ 557,49","R$ 109,31",12%,"18,00%","4,00%","1,65%","7,60%","43,25%","R$ 798,60"
Cooler/Resfriamento,Cooler/Resfriamento Thermaltake v2,Sistema de resfriamento eficaz para manter seu processador em temperatura ideal.,68.0,"R$ 2.279,95","R$ 447,05",12%,"18,00%","4,00%","1,65%","7,60%","43,25%","R$ 3.266,03"
Periféricos,Periféricos Microfone Fifine Plus v5,Acessório essencial para gamers e profissionais que buscam conforto e performance.,10.0,"R$ 2.403,57","R$ 471,29",12%,"18,00%","4,00%","1,65%","7,60%","43,25%","R$ 3.443,11"
Memória RAM,Memória RAM ADATA v3 v9,Módulo de memória RAM de alta velocidade para multitarefa e desempenho aprimorado.,57.0,"R$ 1.522,84","R$ 298,60",12%,"18,00%","4,00%","1,65%","7,60%","43,25%","R$ 2.181,47"
Processador,Processador AMD Ryzen 9 Pro v6 v7 v8,Processador de alto desempenho ideal para tarefas exigentes e jogos modernos.,16.0,"R$ 4.342,18","R$ 851,41",12%,"18,00%","4,00%","1,65%","7,60%","43,25%","R$ 6.220,17"
Cooler/Resfriamento,Cooler/Resfriamento Cooler Master Lite v9 v8,Sistema de resfriamento eficaz para manter seu processador em temperatura ideal.,69.0,"R$ 2.360,40","R$ 462,82",12%,"18,00%","4,00%","1,65%","7,60%","43,25%","R$ 3.381,27"
Placa de Rede,Placa de Rede D-Link v7 v7,Placa de rede de alta velocidade para conexões estáveis e rápidas.,42.0,"R$ 1.095,60","R$ 214,82",12%,"18,00%","4,00%","1,65%","7,60%","43,25%","R$ 1.569,45"
Console e Jogos,Console e Jogos PlayStation 5 Lite v2,Console de última geração para uma experiência imersiva em jogos.,10.0,"R$ 2.015,65","R$ 395,23",12%,"18,00%","4,00%","1,65%","7,60%","43,25%","R$ 2.887,42"
Armazenamento,Armazenamento Samsung SSD Edition v5 v2 v3 v9,Dispositivo de armazenamento rápido e confiável para guardar arquivos e jogos.,50.0,"R$ 2.253,35","R$ 441,83",12%,"18,00%","4,00%","1,65%","7,60%","43,25%","R$ 3.227,92"
Processador,Processador Intel Core i9 Lite v5 v3 v6 v7,Processador de alto desempenho ideal para tarefas exigentes e jogos modernos.,33.0,"R$ 2.642,48","R$ 518,13",12%,"18,00%","4,00%","1,65%","7,60%","43,25%","R$ 3.785,35"
Fonte,Fonte Thermaltake Gamer v7,Fonte de alimentação eficiente com proteção contra surtos e energia estável.,40.0,"R$ 3.095,73","R$ 607,01",12%,"18,00%","4,00%","1,65%","7,60%","43,25%","R$ 4.434,63"
Cooler/Resfriamento,Cooler/Resfriamento Cooler Master Lite v9 v5,Sistema de resfriamento eficaz para manter seu processador em temperatura ideal.,69.0,"R$ 2.360,40","R$ 462,82",12%,"18,00%","4,00%","1,65%","7,60%","43,25%","R$ 3.381,27"
Mesa Gamer,Mesa Gamer Xtrike LED v9,"Mesa com estrutura reforçada, ideal para setups gamers com LEDs e ergonomia.",,,,,,,,,,
Cooler/Resfriamento,Cooler/Resfriamento Deepcool Lite v3,Sistema de resfriamento eficaz para manter seu processador em temperatura ideal.,70.0,"R$ 4.871,30","R$ 955,16",12%,"18,00%","4,00%","1,65%","7,60%","43,25%","R$ 6.978,14"
Armazenamento,Armazenamento Kingston SSD Pro v4 v4,Dispositivo de armazenamento rápido e confiável para guardar arquivos e jogos.,64.0,"R$ 4.795,27","R$ 940,25",12%,"18,00%","4,00%","1,65%","7,60%","43,25%","R$ 6.869,22"
Memória RAM,Memória RAM Corsair Gamer v8,Módulo de memória RAM de alta velocidade para multitarefa e desempenho aprimorado.,61.0,"R$ 3.279,17","R$ 642,97",12%,"18,00%","4,00%","1,65%","7,60%","43,25%","R$ 4.697,41"
Processador,Processador Intel Core i9 Pro v5 v7,Processador de alto desempenho ideal para tarefas exigentes e jogos modernos.,64.0,"R$ 4.656,40","R$ 913,02",12%,"18,00%","4,00%","1,65%","7,60%","43,25%","R$ 6.670,29"
Console e Jogos,Console e Jogos PlayStation 5 v7,Console de última geração para uma experiência imersiva em jogos.,50.0,"R$ 3.545,22","R$ 695,14",12%,"18,00%","4,00%","1,65%","7,60%","43,25%","R$ 5.078,53"
Armazenamento,Armazenamento Kingston SSD Lite v2 v7,Dispositivo de armazenamento rápido e confiável para guardar arquivos e jogos.,26.0,"R$ 113,39","R$ 22,23",12%,"18,00%","4,00%","1,65%","7,60%","43,25%","R$ 162,43"
Processador,Processador Intel Core i9 Pro v5 v7 v4,Processador de alto desempenho ideal para tarefas exigentes e jogos modernos.,64.0,"R$ 4.656,40","R$ 913,02",12%,"18,00%","4,00%","1,65%","7,60%","43,25%","R$ 6.670,29"
Notebook,Notebook Acer Nitro v8 v3,"Notebook com boa performance para estudos, trabalho e entretenimento.",87.0,"R$ 3.971,50","R$ 778,73",12%,"18,00%","4,00%","1,65%","7,60%","43,25%","R$ 5.689,17"
Placa-Mãe,Placa-Mãe Biostar Pro v7,Placa-mãe compatível com os principais processadores e suporte a múltiplos dispositivos.,12.0,"R$ 4.355,18","R$ 853,96",12%,"18,00%","4,00%","1,65%","7,60%","43,25%","R$ 6.238,80"
Armazenamento,Armazenamento WD SSD Pro v7,Dispositivo de armazenamento rápido e confiável para guardar arquivos e jogos.,20.0,"R$ 3.882,49","R$ 761,27",12%,"18,00%","4,00%","1,65%","7,60%","43,25%","R$ 5.561,67"
Armazenamento,Armazenamento WD SSD Gamer v2,Dispositivo de armazenamento rápido e confiável para guardar arquivos e jogos.,29.0,"R$ 941,57","R$ 184,62",12%,"18,00%","4,00%","1,65%","7,60%","43,25%","R$ 1.348,80"
Placa-Mãe,Placa-Mãe Biostar Edition v6 v9,Placa-mãe compatível com os principais processadores e suporte a múltiplos dispositivos.,47.0,"R$ 3.965,59","R$ 777,57",12%,"18,00%","4,00%","1,65%","7,60%","43,25%","R$ 5.680,71"
Gabinete,Gabinete NZXT Pro v8,"Gabinete com design moderno, excelente ventilação e compatibilidade com placas ATX.",42.0,"R$ 1.661,90","R$ 325,86",12%,"18,00%","4,00%","1,65%","7,60%","43,25%","R$ 2.380,67"
Placa de Rede,Placa de Rede Asus Plus v5 v8,Placa de rede de alta velocidade para conexões estáveis e rápidas.,46.0,"R$ 158,83","R$ 31,14",12%,"18,00%","4,00%","1,65%","7,60%","43,25%","R$ 227,52"
Periféricos,Periféricos Headset HyperX Pro v2,Acessório essencial para gamers e profissionais que buscam conforto e performance.,55.0,"R$ 4.158,67","R$ 815,43",12%,"18,00%","4,00%","1,65%","7,60%","43,25%","R$ 5.957,29"
Placa de Vídeo,Placa de Vídeo NVIDIA RTX 3060 Edition v9,GPU potente ideal para gamers e profissionais de edição de vídeo e 3D.,30.0,"R$ 2.253,85","R$ 441,93",12%,"18,00%","4,00%","1,65%","7,60%","43,25%","R$ 3.228,64"
Processador,Processador Intel Core i9 Lite v5 v4,Processador de alto desempenho ideal para tarefas exigentes e jogos modernos.,33.0,"R$ 2.642,48","R$ 518,13",12%,"18,00%","4,00%","1,65%","7,60%","43,25%","R$ 3.785,35"
Armazenamento,Armazenamento Kingston SSD Lite v5 v3 v4,Dispositivo de armazenamento rápido e confiável para guardar arquivos e jogos.,26.0,"R$ 113,39","R$ 22,23",12%,"18,00%","4,00%","1,65%","7,60%","43,25%","R$ 162,43"
Armazenamento,Armazenamento Seagate HDD Gamer v3,Dispositivo de armazenamento rápido e confiável para guardar arquivos e jogos.,98.0,"R$ 4.494,32","R$ 881,24",12%,"18,00%","4,00%","1,65%","7,60%","43,25%","R$ 6.438,11"
